term,cefr,translation
about,A1,关于
above,A1,多于
across,A1,穿过
action,A1,行动
activity,A1,活动
actor,A1,演员
actress,A1,演员
add,A1,添加
address,A1,地址
adult,A1,成人
advice,A1,建议
afraid,A1,害怕的
after,A1,后
afternoon,A1,下午
again,A1,再次
age,A1,年龄
ago,A1,前
agree,A1,同意
air,A1,空气
airport,A1,飞机场
all,A1,全部
also,A1,还
always,A1,总是
amazing,A1,惊人的
an,A1,不定冠词
and,A1,和
angry,A1,生气的
animal,A1,动物
another,A1,另一个检测/代词。
answer,A1,回答
any,A1,任何
anyone,A1,任何人
anything,A1,任何事物
apartment,A1,公寓
apple,A1,苹果
April,A1,四月
area,A1,区域
arm,A1,手臂
around,A1,大约
arrive,A1,到达
art,A1,艺术
article,A1,文章
artist,A1,艺术家
as,A1,作为
ask,A1,问
at,A1,在
August,A1,八月
aunt,A1,阿姨
autumn,A1,秋天
away,A1,离开
baby,A1,婴儿
back,A1,后退
bad,A1,坏的
bag,A1,包
ball,A1,球
banana,A1,香蕉
band,A1,乐队
bank,A1,银行
bath,A1,洗澡
bathroom,A1,浴室
be,A1,是
beach,A1,海滩
beautiful,A1,美丽的
because,A1,因为
become,A1,变得
bed,A1,床
bedroom,A1,卧室
beer,A1,啤酒
before,A1,前
begin,A1,开始
beginning,A1,开始
behind,A1,在后面
believe,A1,相信
below,A1,以下
best,A1,最好的
better,A1,更好的
between,A1,之间
bicycle,A1,自行车
big,A1,大的
bike,A1,自行车
bill,A1,账单
bird,A1,鸟
birthday,A1,生日
black,A1,黑色的
blog,A1,博客
blonde,A1,金发女郎
blue,A1,蓝色的
boat,A1,船
body,A1,身体
book,A1,书
boot,A1,启动
bored,A1,无聊的
boring,A1,无聊的
born,A1,出生
both,A1,两者都检测/代词。
bottle,A1,瓶子
box,A1,盒子
boy,A1,男生
boyfriend,A1,男朋友
bread,A1,面包
break,A1,休息
breakfast,A1,早餐
bring,A1,带来
brother,A1,兄弟
brown,A1,棕色的
build,A1,建造
building,A1,建筑
bus,A1,公共汽车
business,A1,商业
busy,A1,忙碌的
but,A1,但
butter,A1,黄油
buy,A1,买
by,A1,经过
bye,A1,再见
cafe,A1,咖啡店
cake,A1,蛋糕
call,A1,称呼
camera,A1,相机
can,A1,能
cannot,A1,不能
capital,A1,首都
car,A1,车
card,A1,卡片
career,A1,职业
carrot,A1,胡萝卜
carry,A1,携带
cat,A1,猫
CD,A1,光盘
cent,A1,分
centre,A1,中心
century,A1,世纪
chair,A1,椅子
change,A1,改变
chart,A1,图表
cheap,A1,便宜的
check,A1,查看
cheese,A1,奶酪
chicken,A1,鸡
child,A1,孩子
chocolate,A1,巧克力
choose,A1,选择
cinema,A1,电影
city,A1,城市
class,A1,班级
classroom,A1,课堂
clean,A1,干净的
climb,A1,爬
clock,A1,钟
close,A1,关闭
clothes,A1,衣服
club,A1,俱乐部
coat,A1,外套
coffee,A1,咖啡
cold,A1,寒冷的
college,A1,大学
colour,A1,颜色
come,A1,来
common,A1,常见的
company,A1,公司
compare,A1,比较
complete,A1,完全的
computer,A1,电脑
concert,A1,音乐会
conversation,A1,对话
cook,A1,厨师
cooking,A1,烹饪
cool,A1,凉爽的
correct,A1,正确的
cost,A1,成本
could,A1,可以模态
country,A1,国家
course,A1,课程
cousin,A1,表哥
cow,A1,奶牛
cream,A1,奶油
create,A1,创造
culture,A1,文化
cup,A1,杯子
customer,A1,顾客
cut,A1,切割
dad,A1,爸爸
dance,A1,舞蹈
dancer,A1,舞蹈家
dancing,A1,跳舞
dangerous,A1,危险的
dark,A1,黑暗的
date,A1,日期
daughter,A1,女儿
day,A1,天
dear,A1,亲爱的
December,A1,十二月
decide,A1,决定
delicious,A1,可口的
describe,A1,描述
description,A1,描述
design,A1,设计
desk,A1,桌子
detail,A1,细节
dialogue,A1,对话
dictionary,A1,字典
die,A1,死
diet,A1,饮食
difference,A1,不同之处
different,A1,不同的
difficult,A1,难的
dinner,A1,晚餐
dirty,A1,肮脏的
discuss,A1,讨论
dish,A1,盘子
do,A1,做
doctor,A1,医生
dog,A1,狗
dollar,A1,美元
door,A1,门
down,A1,向下
downstairs,A1,楼下
draw,A1,画
dress,A1,裙子
drink,A1,喝
drive,A1,驾驶
driver,A1,司机
during,A1,期间
each,A1,每个
ear,A1,耳朵
early,A1,早期的
east,A1,东方
easy,A1,简单的
eat,A1,吃
egg,A1,蛋
eight,A1,八号
eighteen,A1,十八号
eighty,A1,八十号
elephant,A1,大象
eleven,A1,十一号
else,A1,别的
email,A1,电子邮件
end,A1,结尾
enjoy,A1,享受
enough,A1,足够的
euro,A1,欧元
evening,A1,晚上
event,A1,事件
ever,A1,曾经
every,A1,每一个
everybody,A1,大家
everyone,A1,每个人
everything,A1,一切
exam,A1,考试
example,A1,例子
excited,A1,兴奋的
exciting,A1,令人兴奋的
exercise,A1,锻炼
expensive,A1,昂贵的
explain,A1,解释
extra,A1,额外的
eye,A1,眼睛
face,A1,脸
fact,A1,事实
fall,A1,落下
family,A1,家庭
famous,A1,著名的
fantastic,A1,极好的
far,A1,远的
farm,A1,农场
farmer,A1,农民
fast,A1,快速地
fat,A1,胖的
father,A1,父亲
favourite,A1,最喜欢的
February,A1,二月
feel,A1,感觉
feeling,A1,感觉
festival,A1,节日
few,A1,很少检测/形容词
fifteen,A1,十五号
fifth,A1,第五个数字
fifty,A1,五十号
fill,A1,充满
film,A1,电影
final,A1,最终的
find,A1,寻找
fine,A1,美好的
finish,A1,结束
fire,A1,火
first,A1,第一个目的地/号码
fish,A1,鱼
five,A1,五号
flat,A1,平坦的
flight,A1,航班
floor,A1,地面
flower,A1,花
fly,A1,飞
follow,A1,跟随
food,A1,食物
foot,A1,脚
football,A1,足球
for,A1,为了
forget,A1,忘记
form,A1,形式
forty,A1,四十号
four,A1,四数
fourteen,A1,十四号
fourth,A1,第四
free,A1,自由的
Friday,A1,星期五
friend,A1,朋友
friendly,A1,友好的
from,A1,从
front,A1,前面
fruit,A1,水果
full,A1,满的
fun,A1,乐趣
funny,A1,有趣的
future,A1,未来
game,A1,游戏
garden,A1,花园
geography,A1,地理
get,A1,得到
girl,A1,女孩
girlfriend,A1,女朋友
give,A1,给
glass,A1,玻璃
go,A1,去
good,A1,好的
goodbye,A1,再见感叹号。/
grandfather,A1,祖父
grandmother,A1,祖母
grandparent,A1,祖父母
great,A1,伟大的
green,A1,绿色的
grey,A1,灰色的
group,A1,团体
grow,A1,生长
guess,A1,猜测
guitar,A1,吉他
gym,A1,健身房
hair,A1,头发
half,A1,一半
hand,A1,手
happen,A1,发生
happy,A1,快乐的
hard,A1,难的
hat,A1,帽子
hate,A1,恨
have,A1,有
have to,A1,必须采用模态
he,A1,他
head,A1,头
health,A1,健康
healthy,A1,健康
hear,A1,听到
hello,A1,你好感叹./
help,A1,帮助
her,A1,她
here,A1,这里
hey,A1,嘿
hi,A1,你好
high,A1,高的
him,A1,他
his,A1,他的
history,A1,历史
hobby,A1,爱好
holiday,A1,假期
home,A1,家
homework,A1,家庭作业
hope,A1,希望
horse,A1,马
hospital,A1,医院
hot,A1,热的
hotel,A1,酒店
hour,A1,小时
house,A1,房子
how,A1,如何
however,A1,然而
hundred,A1,百数
hungry,A1,饥饿的
husband,A1,丈夫
I,A1,我
ice,A1,冰
ice cream,A1,冰淇淋
idea,A1,主意
if,A1,如果
imagine,A1,想象
important,A1,重要的
improve,A1,提升
in,A1,在
include,A1,包括
information,A1,信息
interest,A1,兴趣
interested,A1,感兴趣的
interesting,A1,有趣的
internet,A1,互联网
interview,A1,面试
into,A1,进入
introduce,A1,介绍
island,A1,岛
it,A1,它
its,A1,它是
jacket,A1,夹克
January,A1,一月
jeans,A1,牛仔裤
job,A1,工作
join,A1,加入
journey,A1,旅行
juice,A1,汁
July,A1,七月
June,A1,六月
just,A1,只是
keep,A1,保持
key,A1,钥匙
kilometre,A1,公里
kind,A1,种类
kitchen,A1,厨房
know,A1,知道
land,A1,土地
language,A1,语言
large,A1,大的
last,A1,最后
late,A1,晚的
later,A1,之后
laugh,A1,笑
learn,A1,学习
leave,A1,离开
left,A1,左边
leg,A1,腿
lesson,A1,课
let,A1,让
letter,A1,信
library,A1,图书馆
lie,A1,谎言
life,A1,生活
light,A1,光
like,A1,喜欢
line,A1,线
lion,A1,狮子
list,A1,列表
listen,A1,听
little,A1,小的
live,A1,直播
local,A1,当地的
long,A1,长
look,A1,看
lose,A1,失去
lot,A1,很多
love,A1,爱
lunch,A1,午餐
machine,A1,机器
magazine,A1,杂志
main,A1,主要的
make,A1,制作
man,A1,男人
many,A1,许多检测/代词。
map,A1,地图
March,A1,行进
market,A1,市场
married,A1,已婚
match,A1,匹配
May,A1,可能
maybe,A1,或许
me,A1,我
meal,A1,一顿饭
mean,A1,意思是
meaning,A1,意义
meat,A1,肉
meet,A1,见面
meeting,A1,会议
member,A1,成员
menu,A1,菜单
message,A1,信息
metre,A1,仪表
midnight,A1,午夜
mile,A1,英里
milk,A1,牛奶
million,A1,百万数
minute,A1,分钟
miss,A1,错过
mistake,A1,错误
model,A1,模型
modern,A1,现代的
moment,A1,片刻
Monday,A1,周一
money,A1,钱
month,A1,月
more,A1,更多检测/代词。
morning,A1,早晨
most,A1,大多数检测/代词。
mother,A1,母亲
mountain,A1,山
mouse,A1,老鼠
mouth,A1,嘴
move,A1,移动
movie,A1,电影
much,A1,很多
mum,A1,妈妈
museum,A1,博物馆
music,A1,音乐
must,A1,必须是模态的
my,A1,我的
name,A1,姓名
natural,A1,自然的
near,A1,靠近
need,A1,需要
negative,A1,消极的
neighbour,A1,邻居
never,A1,绝不
new,A1,新的
news,A1,消息
newspaper,A1,报纸
next,A1,下一个
next to,A1,旁边
nice,A1,好的
night,A1,夜晚
nine,A1,九号
nineteen,A1,十九号
ninety,A1,九十号
no,A1,不
nobody,A1,没有人
north,A1,北
nose,A1,鼻子
not,A1,不是
note,A1,笔记
nothing,A1,没有什么
November,A1,十一月
now,A1,现在
number,A1,数字
nurse,A1,护士
object,A1,目的
October,A1,十月
of,A1,的
off,A1,离开
office,A1,办公室
often,A1,经常
oh,A1,哦
OK,A1,好的
old,A1,老的
on,A1,在
once,A1,一次
one,A1,一个号码/检测。
onion,A1,洋葱
online,A1,在线的
only,A1,仅有的
open,A1,打开
opinion,A1,观点
opposite,A1,对面的
or,A1,或者
orange,A1,橙子
order,A1,命令
other,A1,其他形容词/代词。
our,A1,我们的
out,A1,出副手/准备。
outside,A1,外部
over,A1,超过
own,A1,自己的形容词/代词。
o'clock,A1,点钟
page,A1,页
paint,A1,画
painting,A1,绘画
pair,A1,一对
paper,A1,纸
paragraph,A1,段落
parent,A1,家长
park,A1,公园
part,A1,部分
partner,A1,伙伴
party,A1,派对
passport,A1,护照
past,A1,过去的
pay,A1,支付
pen,A1,笔
pencil,A1,铅笔
people,A1,人们
pepper,A1,胡椒
perfect,A1,完美的
period,A1,时期
person,A1,人
personal,A1,个人的
phone,A1,电话
photo,A1,照片
photograph,A1,照片
phrase,A1,短语
piano,A1,钢琴
picture,A1,图片
piece,A1,片
pig,A1,猪
pink,A1,粉色的
plan,A1,计划
plane,A1,飞机
plant,A1,植物
play,A1,玩
player,A1,玩家
please,A1,请
point,A1,观点
police,A1,警察
policeman,A1,警察
pool,A1,水池
poor,A1,贫穷的
popular,A1,受欢迎的
positive,A1,积极的
possible,A1,可能的
post,A1,邮政
potato,A1,土豆
pound,A1,磅
practice,A1,实践
practise,A1,实践
prefer,A1,更喜欢
prepare,A1,准备
present,A1,展示
pretty,A1,漂亮的
price,A1,价格
probably,A1,大概
problem,A1,问题
product,A1,产品
programme,A1,程序
project,A1,项目
purple,A1,紫色的
put,A1,放
quarter,A1,四分之一
question,A1,问题
quick,A1,快的
quickly,A1,迅速地
quiet,A1,安静的
quite,A1,相当
radio,A1,收音机
rain,A1,雨
read,A1,读
reader,A1,读者
reading,A1,阅读
ready,A1,准备好
real,A1,真实的
really,A1,真的
reason,A1,原因
red,A1,红色的
relax,A1,放松
remember,A1,记住
repeat,A1,重复
report,A1,报告
restaurant,A1,餐厅
result,A1,结果
return,A1,返回
rice,A1,米
rich,A1,富有的
ride,A1,骑
right,A1,正确的
river,A1,河
road,A1,路
room,A1,房间
routine,A1,常规
rule,A1,规则
run,A1,跑步
sad,A1,伤心
salad,A1,沙拉
salt,A1,盐
same,A1,相同的
sandwich,A1,三明治
Saturday,A1,星期六
say,A1,说
school,A1,学校
science,A1,科学
scientist,A1,科学家
sea,A1,海
second,A1,第二个
section,A1,部分
see,A1,看
sell,A1,卖
send,A1,发送
sentence,A1,句子
September,A1,九月
seven,A1,七号
seventeen,A1,十七号
seventy,A1,七十号
share,A1,分享
she,A1,她
sheep,A1,羊
shirt,A1,衬衫
shoe,A1,鞋
shop,A1,店铺
shopping,A1,购物
short,A1,短的
should,A1,应该是模态的
show,A1,展示
shower,A1,淋浴
sick,A1,生病的
similar,A1,相似的
sing,A1,唱歌
singer,A1,歌手
sister,A1,姐姐
sit,A1,坐
situation,A1,情况
six,A1,六数
sixteen,A1,十六号
sixty,A1,六十号
skill,A1,技能
skirt,A1,裙子
sleep,A1,睡觉
slow,A1,慢的
small,A1,小的
snake,A1,蛇
snow,A1,雪
so,A1,所以
some,A1,一些
somebody,A1,某人
someone,A1,某人
something,A1,某物
sometimes,A1,有时
son,A1,儿子
song,A1,歌曲
soon,A1,很快
sorry,A1,对不起
sound,A1,声音
soup,A1,汤
south,A1,南
space,A1,空间
speak,A1,说话
special,A1,特别的
spell,A1,拼写
spelling,A1,拼写
spend,A1,花费
sport,A1,运动
spring,A1,春天
stand,A1,站立
star,A1,星星
start,A1,开始
statement,A1,声明
station,A1,车站
stay,A1,停留
still,A1,仍然
stop,A1,停止
story,A1,故事
street,A1,街道
strong,A1,强的
student,A1,学生
study,A1,学习
style,A1,风格
subject,A1,主题
success,A1,成功
sugar,A1,糖
summer,A1,夏天
sun,A1,太阳
Sunday,A1,星期日
supermarket,A1,超级市场
sure,A1,当然
sweater,A1,毛衣
swim,A1,游泳
swimming,A1,游泳
T-shirt,A1,T恤
table,A1,桌子
take,A1,拿
talk,A1,讲话
tall,A1,高的
taxi,A1,出租车
tea,A1,茶
teach,A1,教
teacher,A1,老师
team,A1,团队
teenager,A1,青少年
telephone,A1,电话
television,A1,电视
tell,A1,告诉
ten,A1,十数
tennis,A1,网球
terrible,A1,糟糕的
test,A1,测试
text,A1,文本
than,A1,比
thank,A1,感谢
thanks,A1,谢谢
that,A1,那
the,A1,定冠词
theatre,A1,剧院
their,A1,他们的
them,A1,他们
then,A1,然后
there,A1,那里
they,A1,他们
thing,A1,事物
think,A1,思考
third,A1,第三个数字
thirsty,A1,渴
thirteen,A1,十三号
thirty,A1,三十号
this,A1,这个检测/代词。
thousand,A1,千数
three,A1,三数
through,A1,通过
Thursday,A1,周四
ticket,A1,票
time,A1,时间
tired,A1,疲劳的
title,A1,标题
to,A1,到
today,A1,今天
together,A1,一起
toilet,A1,洗手间
tomorrow,A1,明天
tonight,A1,今晚
too,A1,也
tooth,A1,齿
topic,A1,话题
tourist,A1,游客
town,A1,镇
traffic,A1,交通
train,A1,火车
travel,A1,旅行
tree,A1,树
trip,A1,旅行
trousers,A1,裤子
try,A1,尝试
Tuesday,A1,周二
turn,A1,转动
TV,A1,电视
twelve,A1,十二数
twenty,A1,二十号
twice,A1,两次
two,A1,两个数
type,A1,类型
umbrella,A1,伞
uncle,A1,叔叔
under,A1,在下面
understand,A1,理解
university,A1,大学
until,A1,直到连接/准备。
up,A1,向上
upstairs,A1,楼上
us,A1,我们
use,A1,使用
useful,A1,有用
usually,A1,通常
vacation,A1,假期
vegetable,A1,蔬菜
very,A1,非常
video,A1,视频
village,A1,村庄
visit,A1,访问
visitor,A1,游客
wait,A1,等待
waiter,A1,服务员
wake,A1,唤醒
walk,A1,走
wall,A1,墙
want,A1,想
warm,A1,温暖的
wash,A1,洗
watch,A1,手表
water,A1,水
way,A1,方式
we,A1,我们
wear,A1,穿
weather,A1,天气
website,A1,网站
Wednesday,A1,周三
week,A1,星期
weekend,A1,周末
welcome,A1,欢迎
well,A1,出色地
west,A1,西方
what,A1,什么代词/检测。
when,A1,什么时候
where,A1,在哪里
which,A1,哪个代词/检测。
white,A1,白色的
why,A1,为什么
wife,A1,妻子
will,A1,将模态
win,A1,赢
window,A1,窗户
wine,A1,葡萄酒
winter,A1,冬天
with,A1,和
without,A1,没有
woman,A1,女士
wonderful,A1,精彩的
word,A1,单词
work,A1,工作
worker,A1,工人
world,A1,世界
would,A1,会模态
write,A1,写
writer,A1,作家
writing,A1,写作
wrong,A1,错误的
yeah,A1,是的
year,A1,年
yellow,A1,黄色的
yes,A1,是的
yesterday,A1,昨天
you,A1,你
young,A1,年轻的
your,A1,你的
yourself,A1,你自己
ability,A2,能力
able,A2,有能力的
abroad,A2,国外
accept,A2,接受
accident,A2,事故
according to,A2,根据
achieve,A2,达到
act,A2,行为
active,A2,积极的
actually,A2,实际上
advantage,A2,优势
adventure,A2,冒险
advertise,A2,广告
advertisement,A2,广告
advertising,A2,广告
affect,A2,影响
against,A2,反对
ah,A2,啊
airline,A2,航空公司
alive,A2,活
all right,A2,好吧
allow,A2,允许
almost,A2,几乎
alone,A2,单独
along,A2,沿着
already,A2,已经
alternative,A2,选择
although,A2,虽然
among,A2,之中
amount,A2,数量
ancient,A2,古老的
ankle,A2,踝
anybody,A2,任何人
any more,A2,还没有更多
anyway,A2,反正
anywhere,A2,任何地方
app,A2,应用程序
appear,A2,出现
appearance,A2,外貌
apply,A2,申请
architect,A2,建筑师
architecture,A2,建筑学
argue,A2,争论
argument,A2,争论
army,A2,军队
arrange,A2,安排
arrangement,A2,安排
asleep,A2,睡着了
assistant,A2,助手
athlete,A2,运动员
attack,A2,攻击
attend,A2,出席
attention,A2,注意力
attractive,A2,吸引人的
audience,A2,观众
author,A2,作者
available,A2,可用的
average,A2,平均的
avoid,A2,避免
award,A2,奖
awful,A2,可怕
background,A2,背景
badly,A2,严重地
bar,A2,酒吧
baseball,A2,棒球
based,A2,基于
basketball,A2,篮球
bean,A2,豆
bear,A2,熊
beat,A2,打
beef,A2,牛肉
behave,A2,表现
behaviour,A2,行为
belong,A2,属于
belt,A2,腰带
benefit,A2,益处
billion,A2,亿数
bin,A2,垃圾桶
biology,A2,生物学
birth,A2,出生
biscuit,A2,饼干
bit,A2,少量
blank,A2,空白的
blood,A2,血
blow,A2,吹
board,A2,木板
boil,A2,熬
bone,A2,骨
borrow,A2,借
boss,A2,老板
bottom,A2,底部
bowl,A2,碗
brain,A2,脑
bridge,A2,桥
bright,A2,明亮的
brilliant,A2,出色的
broken,A2,破碎的
brush,A2,刷子
burn,A2,烧伤
businessman,A2,商人
button,A2,按钮
camp,A2,营
camping,A2,野营
care,A2,关心
careful,A2,小心
carefully,A2,小心
carpet,A2,地毯
cartoon,A2,卡通片
case,A2,案件
cash,A2,现金
castle,A2,城堡
catch,A2,抓住
cause,A2,原因
celebrate,A2,庆祝
celebrity,A2,名人
certain,A2,肯定
certainly,A2,当然
chance,A2,机会
character,A2,特点
charity,A2,慈善事业
chat,A2,聊天
chef,A2,厨师
chemistry,A2,化学
chip,A2,芯片
choice,A2,选择
church,A2,教会
cigarette,A2,卷烟
circle,A2,圆圈
classical,A2,古典
clear,A2,清除
clearly,A2,清楚地
clever,A2,聪明的
climate,A2,气候
closed,A2,关闭
clothing,A2,衣服
cloud,A2,云
coach,A2,教练
coast,A2,海岸
code,A2,代码
colleague,A2,同事
collect,A2,收集
column,A2,柱子
comedy,A2,喜剧
comfortable,A2,舒服的
comment,A2,评论
communicate,A2,交流
community,A2,社区
compete,A2,竞争
competition,A2,竞赛
complain,A2,抱怨
completely,A2,完全地
condition,A2,状况
conference,A2,会议
connect,A2,连接
connected,A2,已连接
consider,A2,考虑
contain,A2,包含
context,A2,语境
continent,A2,大陆
continue,A2,继续
control,A2,控制
copy,A2,复制
corner,A2,角落
correctly,A2,正确地
count,A2,数数
couple,A2,夫妻
cover,A2,覆盖
crazy,A2,疯狂的
creative,A2,有创造力的
credit,A2,信用
crime,A2,犯罪
criminal,A2,刑事
cross,A2,叉
crowd,A2,人群
crowded,A2,挤
cry,A2,哭
cupboard,A2,橱柜
curly,A2,卷曲
cycle,A2,循环
daily,A2,日常的
danger,A2,危险
data,A2,数据
dead,A2,死的
deal,A2,交易
death,A2,死亡
decision,A2,决定
deep,A2,深的
definitely,A2,确实
degree,A2,程度
dentist,A2,牙医
department,A2,部门
depend,A2,依赖
desert,A2,沙漠
designer,A2,设计师
destroy,A2,破坏
detective,A2,侦探
develop,A2,发展
device,A2,设备
diary,A2,日记
differently,A2,不同地
digital,A2,数字的
direct,A2,直接的
direction,A2,方向
director,A2,导演
disagree,A2,不同意
disappear,A2,消失
disaster,A2,灾难
discover,A2,发现
discovery,A2,发现
discussion,A2,讨论
disease,A2,疾病
distance,A2,距离
divorced,A2,离婚的
document,A2,文档
double,A2,双倍的
download,A2,下载
drama,A2,戏剧
drawing,A2,绘画
dream,A2,梦
driving,A2,驾驶
drop,A2,降低
drug,A2,药品
dry,A2,干燥
earn,A2,赚
earth,A2,地球
easily,A2,容易地
education,A2,教育
effect,A2,影响
either,A2,要么
electric,A2,电的
electrical,A2,电气
electricity,A2,电
electronic,A2,电子的
employ,A2,采用
employee,A2,员工
employer,A2,雇主
empty,A2,空的
ending,A2,结束
energy,A2,活力
engine,A2,引擎
engineer,A2,工程师
enormous,A2,巨大的
enter,A2,进入
environment,A2,环境
equipment,A2,设备
error,A2,错误
especially,A2,尤其
essay,A2,散文
everyday,A2,每天
everywhere,A2,到处
evidence,A2,证据
exact,A2,精确的
exactly,A2,确切地
excellent,A2,出色的
except,A2,除了
exist,A2,存在
expect,A2,预计
experience,A2,经验
experiment,A2,实验
expert,A2,专家
explanation,A2,解释
express,A2,表达
expression,A2,表达
extreme,A2,极端
extremely,A2,极其
factor,A2,因素
factory,A2,工厂
fail,A2,失败
fair,A2,公平的
fan,A2,扇子
farming,A2,农业
fashion,A2,时尚
fear,A2,害怕
feature,A2,特征
feed,A2,喂养
female,A2,女性
fiction,A2,小说
field,A2,场地
fight,A2,斗争
figure,A2,数字
finally,A2,最后
finger,A2,手指
firstly,A2,首先
fishing,A2,钓鱼
fit,A2,合身
fix,A2,使固定
flu,A2,流感
flying,A2,飞行
focus,A2,重点
following,A2,下列的
foreign,A2,外国的
forest,A2,森林
fork,A2,叉
formal,A2,正式的
fortunately,A2,幸运的是
forward,A2,向前
fresh,A2,新鲜的
fridge,A2,冰箱
frog,A2,青蛙
furniture,A2,家具
further,A2,更远
gallery,A2,画廊
gap,A2,差距
gas,A2,气体
gate,A2,门
general,A2,一般的
gift,A2,礼物
goal,A2,目标
god,A2,上帝
gold,A2,金子
golf,A2,高尔夫球
government,A2,政府
grass,A2,草
greet,A2,迎接
ground,A2,地面
guest,A2,客人
guide,A2,指导
gun,A2,枪
guy,A2,家伙
habit,A2,习惯
hall,A2,大厅
happily,A2,高兴地
headache,A2,头痛
heart,A2,心
heat,A2,热
heavy,A2,重的
height,A2,高度
helpful,A2,有帮助的
hero,A2,英雄
hers,A2,她的
herself,A2,她自己
hide,A2,隐藏
hill,A2,爬坡道
himself,A2,他自己
hit,A2,打
hockey,A2,曲棍球
hold,A2,抓住
hole,A2,洞
huge,A2,巨大的
human,A2,人类
hurt,A2,伤害
ideal,A2,理想的
identify,A2,确认
ill,A2,患病的
illness,A2,疾病
image,A2,图像
immediately,A2,立即
impossible,A2,不可能的
included,A2,包括
including,A2,包括
increase,A2,增加
incredible,A2,极好的
independent,A2,独立的
individual,A2,个人
industry,A2,行业
informal,A2,非正式的
injury,A2,受伤
insect,A2,昆虫
inside,A2,里面
instead,A2,反而
instruction,A2,操作说明
instructor,A2,讲师
instrument,A2,乐器
intelligent,A2,聪明的
international,A2,国际的
introduction,A2,介绍
invent,A2,发明
invention,A2,发明
invitation,A2,邀请函
invite,A2,邀请
involve,A2,涉及
item,A2,物品
itself,A2,本身
jam,A2,果酱
jazz,A2,爵士乐
jewellery,A2,首饰
joke,A2,开玩笑
journalist,A2,记者
jump,A2,跳
kid,A2,孩子
kill,A2,杀
king,A2,国王
knee,A2,膝盖
knife,A2,刀
knock,A2,敲
knowledge,A2,知识
lab,A2,实验室
lady,A2,女士
lake,A2,湖
lamp,A2,灯
laptop,A2,笔记本电脑
laughter,A2,笑声
law,A2,法律
lawyer,A2,律师
lazy,A2,懒惰的
lead,A2,导联
leader,A2,领导者
learning,A2,学习
least,A2,最少检测/代词。
lecture,A2,演讲
lemon,A2,柠檬
lend,A2,借
less,A2,少检测/代词。
level,A2,等级
lifestyle,A2,生活方式
lift,A2,举起
likely,A2,可能
link,A2,关联
listener,A2,听众
lorry,A2,货车
lost,A2,丢失的
loud,A2,大声
loudly,A2,高声
lovely,A2,迷人的
low,A2,低的
luck,A2,运气
lucky,A2,幸运的
mail,A2,邮件
major,A2,主要的
male,A2,男性
manage,A2,管理
manager,A2,经理
manner,A2,方式
mark,A2,标记
marry,A2,结婚
material,A2,材料
mathematics,A2,数学
maths,A2,数学
matter,A2,事情
media,A2,媒体
medical,A2,医疗的
medicine,A2,药品
memory,A2,记忆
mention,A2,提到
metal,A2,金属
method,A2,方法
middle,A2,中间
might,A2,可能是情态动词
mind,A2,头脑
mine,A2,矿
mirror,A2,镜子
missing,A2,丢失的
mobile,A2,移动的
monkey,A2,猴
moon,A2,月亮
mostly,A2,大多
motorcycle,A2,摩托车
movement,A2,移动
musical,A2,音乐
musician,A2,音乐家
myself,A2,我
narrow,A2,狭窄的
national,A2,国家的
nature,A2,自然
nearly,A2,几乎
necessary,A2,必要的
neck,A2,脖子
neither,A2,既没有检测/代词。
nervous,A2,紧张的
network,A2,网络
noise,A2,噪音
noisy,A2,嘈杂
none,A2,没有任何
normal,A2,普通的
normally,A2,通常情况下
notice,A2,注意
novel,A2,小说
nowhere,A2,无处
nut,A2,坚果
ocean,A2,海洋
offer,A2,提供
officer,A2,官
oil,A2,油
onto,A2,到...上
opportunity,A2,机会
option,A2,选项
ordinary,A2,普通的
organization,A2,组织
organize,A2,组织
original,A2,原来的
ourselves,A2,我们自己
oven,A2,烤箱
owner,A2,所有者
pack,A2,盒
pain,A2,疼痛
painter,A2,画家
palace,A2,宫殿
pants,A2,裤子
parking,A2,停車處
particular,A2,特别的
pass,A2,经过
passenger,A2,乘客
patient,A2,病人
pattern,A2,图案
peace,A2,和平
penny,A2,一分钱
per,A2,每
per cent,A2,百分比
perform,A2,履行
perhaps,A2,也许
permission,A2,允许
personality,A2,性格
pet,A2,宠物
petrol,A2,汽油
physical,A2,身体的
physics,A2,物理
pick,A2,挑选
pilot,A2,飞行员
planet,A2,行星
plastic,A2,塑料
plate,A2,盘子
platform,A2,平台
pleased,A2,高兴
pocket,A2,口袋
polite,A2,有礼貌的
pollution,A2,污染
pop,A2,流行音乐
population,A2,人口
position,A2,位置
possession,A2,拥有
possibility,A2,可能性
poster,A2,海报
power,A2,力量
predict,A2,预测
president,A2,总统
prevent,A2,防止
print,A2,打印
printer,A2,打印机
prison,A2,监狱
prize,A2,奖
process,A2,过程
produce,A2,生产
professional,A2,专业的
professor,A2,教授
profile,A2,轮廓
program,A2,程序
progress,A2,进步
promise,A2,承诺
pronounce,A2,发音
protect,A2,保护
provide,A2,提供
pub,A2,酒吧
public,A2,民众
publish,A2,发布
pull,A2,拉
purpose,A2,目的
push,A2,推
quality,A2,质量
quantity,A2,数量
queen,A2,女王
quietly,A2,悄悄
race,A2,种族
railway,A2,铁路
raise,A2,增加
rate,A2,速度
rather,A2,相当
reach,A2,抵达
react,A2,反应
realize,A2,意识到
receive,A2,收到
recent,A2,最近的
recently,A2,最近
reception,A2,接待
recipe,A2,食谱
recognize,A2,认出
recommend,A2,推荐
record,A2,记录
recording,A2,记录
recycle,A2,回收
reduce,A2,减少
refer,A2,参考
refuse,A2,拒绝
region,A2,地区
regular,A2,常规的
relationship,A2,关系
remove,A2,消除
repair,A2,维修
replace,A2,代替
reply,A2,回复
reporter,A2,记者
request,A2,要求
research,A2,研究
researcher,A2,研究员
respond,A2,回应
response,A2,回复
rest,A2,休息
review,A2,审查
ring,A2,环
rise,A2,上升
rock,A2,岩石
role,A2,角色
roof,A2,屋顶
round,A2,圆形的
route,A2,路线
rubbish,A2,垃圾
rude,A2,粗鲁的
runner,A2,跑步者
running,A2,跑步
sadly,A2,悲伤地
safe,A2,安全的
sail,A2,帆
sailing,A2,航行
salary,A2,薪水
sale,A2,销售
sauce,A2,酱
save,A2,节省
scared,A2,害怕的
scary,A2,可怕的
scene,A2,场景
schedule,A2,日程
score,A2,分数
screen,A2,屏幕
search,A2,搜索
season,A2,季节
seat,A2,座位
secondly,A2,第二
secret,A2,秘密
secretary,A2,秘书
seem,A2,似乎
sense,A2,感觉
separate,A2,分离
series,A2,系列
serious,A2,严肃的
serve,A2,服务
service,A2,服务
several,A2,几个检测/代词。
shake,A2,摇
shall,A2,应模态
shape,A2,形状
sheet,A2,床单
ship,A2,船
shoulder,A2,肩膀
shout,A2,喊
shut,A2,关闭
side,A2,边
sign,A2,符号
silver,A2,银
simple,A2,简单的
since,A2,自从
singing,A2,歌唱
single,A2,单身的
sir,A2,先生
site,A2,地点
size,A2,尺寸
ski,A2,滑雪
skiing,A2,滑雪
skin,A2,皮肤
sky,A2,天空
slowly,A2,慢慢地
smartphone,A2,手机
smell,A2,闻
smile,A2,微笑
smoke,A2,抽烟
smoking,A2,吸烟
soap,A2,肥皂
soccer,A2,足球
social,A2,社会的
society,A2,社会
sock,A2,短袜
soft,A2,柔软的
soldier,A2,士兵
solution,A2,解决方案
solve,A2,解决
somewhere,A2,某处
sort,A2,种类
source,A2,来源
speaker,A2,扬声器
speech,A2,演讲
speed,A2,速度
spider,A2,蜘蛛
spoon,A2,勺子
square,A2,正方形
stage,A2,阶段
stair,A2,楼梯
stamp,A2,邮票
state,A2,状态
steal,A2,偷
step,A2,步
stomach,A2,胃
stone,A2,石头
store,A2,店铺
storm,A2,风暴
straight,A2,直的
strange,A2,奇怪的
strategy,A2,战略
stress,A2,压力
structure,A2,结构
stupid,A2,愚蠢的
succeed,A2,成功
successful,A2,成功的
such,A2,这样的检测/代词。
suddenly,A2,突然
suggest,A2,建议
suggestion,A2,建议
suit,A2,套装
support,A2,支持
suppose,A2,认为
surprise,A2,惊喜
surprised,A2,惊讶
surprising,A2,奇怪
survey,A2,民意调查
sweet,A2,甜的
symbol,A2,象征
system,A2,系统
tablet,A2,药片
target,A2,目标
task,A2,任务
taste,A2,品尝
teaching,A2,教学
technology,A2,技术
teenage,A2,十几岁的
temperature,A2,温度
term,A2,学期
themselves,A2,他们自己
thick,A2,厚的
thief,A2,贼
thin,A2,薄的
thinking,A2,思维
thought,A2,想法
throw,A2,扔
tidy,A2,整齐的
tie,A2,领带
tip,A2,提示
tool,A2,工具
top,A2,顶部
touch,A2,触碰
tour,A2,旅游
tourism,A2,旅游
towards,A2,朝向
towel,A2,毛巾
tower,A2,塔
toy,A2,玩具
track,A2,追踪
tradition,A2,传统
traditional,A2,传统的
trainer,A2,教练员
training,A2,训练
transport,A2,运输
traveller,A2,游客
trouble,A2,麻烦
truck,A2,卡车
twin,A2,双
typical,A2,典型的
underground,A2,地下
understanding,A2,理解
unfortunately,A2,很遗憾
unhappy,A2,不高兴
uniform,A2,制服
unit,A2,单元
united,A2,团结的
unusual,A2,异常
used to,A2,习惯于模态
user,A2,用户
usual,A2,通常
valley,A2,谷
van,A2,货车
variety,A2,种类
vehicle,A2,车辆
view,A2,看法
virus,A2,病毒
voice,A2,嗓音
war,A2,战争
washing,A2,洗涤
wave,A2,海浪
weak,A2,虚弱的
web,A2,网络
wedding,A2,婚礼
weight,A2,重量
wet,A2,湿的
wheel,A2,车轮
while,A2,尽管
whole,A2,所有的
whose,A2,谁的
wide,A2,宽的
wild,A2,荒野
wind,A2,风
winner,A2,优胜者
wish,A2,希望
wood,A2,木头
wooden,A2,木制的
working,A2,在职的
worried,A2,担心
worry,A2,担心
worse,A2,更糟
worst,A2,最糟糕的
wow,A2,哇
yet,A2,然而
yours,A2,你的
zero,A2,零数
absolutely,B1,绝对地
academic,B1,学术的
access,B1,使用权
accommodation,B1,住宿
account,B1,帐户
achievement,B1,成就
ad,B1,广告
addition,B1,添加
admire,B1,钦佩
admit,B1,承认
advanced,B1,先进的
advise,B1,建议
afford,B1,买得起
aged,B1,老年的
agent,B1,代理人
agreement,B1,协议
ahead,B1,前面
aim,B1,目的
alarm,B1,警报
album,B1,专辑
alcohol,B1,酒精
alcoholic,B1,酗酒的
amazed,B1,惊讶
ambition,B1,志向
ambitious,B1,雄心勃勃的
analyse,B1,分析
analysis,B1,分析
announce,B1,宣布
announcement,B1,公告
annoy,B1,惹恼
annoyed,B1,生气
annoying,B1,恼人的
apart,B1,分开
apologize,B1,道歉
application,B1,应用
appointment,B1,预约
appreciate,B1,欣赏
approximately,B1,大约
arrest,B1,逮捕
arrival,B1,到达
assignment,B1,任务
assist,B1,协助
atmosphere,B1,气氛
attach,B1,附
attitude,B1,态度
attract,B1,吸引
attraction,B1,景点
authority,B1,权威
aware,B1,意识到的
backwards,B1,向后
bake,B1,烤
balance,B1,平衡
ban,B1,禁止
base,B1,根据
basic,B1,基本的
basis,B1,基础
battery,B1,电池
battle,B1,战斗
beauty,B1,美丽
bee,B1,蜜蜂
belief,B1,信仰
bell,B1,钟
bend,B1,弯曲
bite,B1,咬
block,B1,堵塞
bomb,B1,炸弹
border,B1,边界
bother,B1,打扰
branch,B1,分支
brand,B1,品牌
brave,B1,勇敢的
breath,B1,气息
breathe,B1,呼吸
breathing,B1,呼吸
bride,B1,新娘
bubble,B1,气泡
bury,B1,埋葬
calm,B1,冷静的
campaign,B1,活动
campus,B1,校园
candidate,B1,候选人
cap,B1,帽
captain,B1,队长
careless,B1,粗心
category,B1,类别
ceiling,B1,天花板
celebration,B1,庆典
central,B1,中央
ceremony,B1,仪式
chain,B1,链
challenge,B1,挑战
champion,B1,冠军
channel,B1,渠道
chapter,B1,章
charge,B1,收费
cheat,B1,欺骗
cheerful,B1,快乐
chemical,B1,化学
chest,B1,胸部
childhood,B1,童年
claim,B1,宣称
clause,B1,条款
click,B1,点击
client,B1,客户
cloth,B1,布
clue,B1,线索
coal,B1,煤炭
coin,B1,硬币
collection,B1,收藏
coloured,B1,有色
combine,B1,结合
commercial,B1,商业的
commit,B1,犯罪
communication,B1,沟通
comparison,B1,比较
competitive,B1,竞争的
competitor,B1,竞争者
complaint,B1,抱怨
complex,B1,复杂的
concentrate,B1,集中
conclude,B1,得出结论
conclusion,B1,结论
confident,B1,自信的
confirm,B1,确认
confused,B1,使困惑
connection,B1,联系
consequence,B1,结果
consist,B1,组成
consume,B1,消耗
consumer,B1,消费者
contact,B1,接触
container,B1,容器
content,B1,内容
continuous,B1,连续的
contrast,B1,对比
convenient,B1,方便的
convince,B1,说服
costume,B1,戏服
cottage,B1,小屋
cotton,B1,棉布
countryside,B1,农村
court,B1,法庭
covered,B1,覆盖
cruel,B1,残忍的
cultural,B1,文化
currency,B1,货币
current,B1,当前的
currently,B1,现在
curtain,B1,窗帘
custom,B1,风俗
damage,B1,损害
decade,B1,十年
decorate,B1,装饰
define,B1,定义
definite,B1,定
definition,B1,定义
deliver,B1,递送
departure,B1,离开
despite,B1,尽管
destination,B1,目的地
determine,B1,决定
determined,B1,决定
development,B1,发展
diagram,B1,图表
diamond,B1,钻石
difficulty,B1,困难
directly,B1,直接地
dirt,B1,污垢
disadvantage,B1,劣势
disappointed,B1,失望的
disappointing,B1,令人失望的
discount,B1,折扣
dislike,B1,不喜欢
divide,B1,划分
documentary,B1,记录
donate,B1,捐
doubt,B1,怀疑
dressed,B1,穿着
drum,B1,鼓
drunk,B1,醉
due,B1,由于
dust,B1,灰尘
duty,B1,责任
earthquake,B1,地震
eastern,B1,东
economic,B1,经济的
economy,B1,经济
edge,B1,边缘
editor,B1,编辑
educate,B1,教育
educated,B1,受过教育的
educational,B1,教育性的
effective,B1,有效的
effectively,B1,有效地
effort,B1,努力
election,B1,选举
element,B1,元素
embarrassed,B1,尴尬的
embarrassing,B1,令人尴尬的
emergency,B1,紧急情况
emotion,B1,情感
employment,B1,就业
encourage,B1,鼓励
enemy,B1,敌人
engaged,B1,已订婚的
engineering,B1,工程
entertain,B1,招待
entertainment,B1,娱乐
entrance,B1,入口
entry,B1,入口
environmental,B1,环境的
episode,B1,插曲
equal,B1,平等的
equally,B1,同样地
escape,B1,逃脱
essential,B1,基本的
eventually,B1,最终
examine,B1,检查
exchange,B1,交换
excitement,B1,激动
exhibition,B1,展览
expand,B1,扩张
expected,B1,预期的
expedition,B1,远征
experienced,B1,有经验的
explode,B1,爆炸
explore,B1,探索
explosion,B1,爆炸
export,B1,出口
fairly,B1,相当
familiar,B1,熟悉的
fancy,B1,想要
fascinating,B1,迷人
fashionable,B1,时髦
fasten,B1,系
favour,B1,青睐
fence,B1,栅栏
fighting,B1,斗争
file,B1,文件
financial,B1,金融的
fitness,B1,健身
fixed,B1,固定的
flag,B1,旗帜
flood,B1,洪水
flour,B1,面粉
flow,B1,流动
fold,B1,折叠
folk,B1,民间
force,B1,力量
forever,B1,永远
frame,B1,框架
freeze,B1,冻结
frequently,B1,频繁地
friendship,B1,友谊
frighten,B1,吓唬
frightened,B1,害怕
frightening,B1,令人恐惧的
frozen,B1,冷冻的
fry,B1,炒
fuel,B1,燃料
function,B1,功能
fur,B1,毛皮
garage,B1,车库
gather,B1,收集
generally,B1,一般来说
generation,B1,一代
generous,B1,慷慨的
gentle,B1,温和的
gentleman,B1,绅士
ghost,B1,鬼
giant,B1,巨大的
glad,B1,高兴的
global,B1,全球的
glove,B1,手套
goods,B1,商品
grade,B1,年级
graduate,B1,毕业
grain,B1,粮食
grateful,B1,感激的
growth,B1,生长
guard,B1,警卫
guilty,B1,有罪的
hang,B1,悬挂
happiness,B1,幸福
hardly,B1,几乎不
headline,B1,标题
heating,B1,加热
heavily,B1,重重地
helicopter,B1,直升机
highlight,B1,强调
highly,B1,高度
hire,B1,聘请
historic,B1,历史性
historical,B1,历史的
honest,B1,诚实的
horrible,B1,可怕
horror,B1,恐怖
host,B1,主持人
hunt,B1,打猎
hurricane,B1,飓风
hurry,B1,匆忙
identity,B1,身份
ignore,B1,忽略
illegal,B1,非法的
imaginary,B1,想象的
immediate,B1,立即的
immigrant,B1,移民
impact,B1,影响
import,B1,进口
importance,B1,重要性
impression,B1,印象
impressive,B1,感人的
improvement,B1,改进
incredibly,B1,难以置信
indeed,B1,的确
indicate,B1,表明
indirect,B1,间接
indoor,B1,室内的
indoors,B1,室内
influence,B1,影响
ingredient,B1,成分
injure,B1,损伤
injured,B1,受伤
innocent,B1,清白的
intelligence,B1,智力
intend,B1,打算
intention,B1,意图
invest,B1,投资
investigate,B1,调查
involved,B1,涉及
iron,B1,铁
issue,B1,问题
journal,B1,杂志
judge,B1,法官
keen,B1,敏锐的
keyboard,B1,键盘
kick,B1,踢
killing,B1,杀戮
kiss,B1,吻
label,B1,标签
laboratory,B1,实验室
lack,B1,缺少
latest,B1,最新的
lay,B1,躺着
layer,B1,层
leading,B1,领导
leaf,B1,叶子
leather,B1,皮革
legal,B1,合法的
leisure,B1,闲暇
length,B1,长度
limit,B1,限制
lip,B1,唇
liquid,B1,液体
literature,B1,文学
living,B1,活的
locate,B1,定位
located,B1,位于
location,B1,地点
lonely,B1,孤独
loss,B1,损失
luxury,B1,奢华
mad,B1,疯狂的
magic,B1,魔法
mainly,B1,主要是
management,B1,管理
marketing,B1,营销
marriage,B1,婚姻
meanwhile,B1,同时
measure,B1,措施
medium,B1,中等的
mental,B1,精神的
mess,B1,混乱
mild,B1,温和的
mix,B1,混合
mixture,B1,混合物
mood,B1,情绪
mud,B1,泥
murder,B1,谋杀
muscle,B1,肌肉
mystery,B1,神秘
nail,B1,指甲
narrative,B1,叙述
nation,B1,国家
native,B1,本国的
naturally,B1,自然
necessarily,B1,一定
needle,B1,针
neighbourhood,B1,邻里
net,B1,网
nor,B1,也不是连词/副词。
northern,B1,北方
nuclear,B1,核
obvious,B1,明显的
obviously,B1,明显地
occasion,B1,场合
occur,B1,发生
odd,B1,奇怪的
official,B1,官方的
old-fashioned,B1,老式的
operation,B1,手术
organized,B1,有组织的
organizer,B1,组织者
originally,B1,起初
ought,B1,应该情态
ours,B1,我们的
outdoor,B1,户外的
outdoors,B1,户外
package,B1,包裹
painful,B1,痛苦
pale,B1,苍白
pan,B1,平底锅
participate,B1,参加
particularly,B1,特别
passion,B1,热情
path,B1,小路
payment,B1,支付
peaceful,B1,和平
percentage,B1,百分比
perfectly,B1,完美地
performance,B1,表现
personally,B1,亲自
persuade,B1,说服
photographer,B1,摄影师
photography,B1,摄影
pin,B1,别针
pipe,B1,管道
place,B1,地方
planning,B1,规划
pleasant,B1,令人愉快的
pleasure,B1,乐趣
plenty,B1,足够
plot,B1,阴谋
plus,B1,加
poem,B1,诗
poet,B1,诗人
poetry,B1,诗
poison,B1,毒
poisonous,B1,有毒
policy,B1,政策
political,B1,政治的
politician,B1,政治家
politics,B1,政治
port,B1,港口
portrait,B1,肖像
possibly,B1,可能
pot,B1,锅
pour,B1,倒
poverty,B1,贫困
powder,B1,粉末
powerful,B1,强大的
practical,B1,实际的
pray,B1,祈祷
prayer,B1,祷告
prediction,B1,预言
prepared,B1,准备好了
presentation,B1,推介会
press,B1,按
pressure,B1,压力
pretend,B1,假装
previous,B1,以前的
previously,B1,之前
priest,B1,牧师
primary,B1,基本的
prince,B1,王子
princess,B1,公主
printing,B1,印刷
prisoner,B1,囚犯
private,B1,私人的
producer,B1,制片人
production,B1,生产
profession,B1,职业
profit,B1,利润
promote,B1,推动
proper,B1,恰当的
properly,B1,适当地
property,B1,财产
protest,B1,反对
proud,B1,自豪的
prove,B1,证明
punish,B1,惩治
punishment,B1,惩罚
qualification,B1,资质
qualified,B1,合格的
qualify,B1,有资格
queue,B1,队列
quit,B1,辞职
quotation,B1,引述
quote,B1,引用
racing,B1,赛车
range,B1,范围
rare,B1,稀有的
rarely,B1,很少
reaction,B1,反应
reality,B1,现实
receipt,B1,收据
recommendation,B1,推荐
reference,B1,参考
reflect,B1,反映
regularly,B1,经常
reject,B1,拒绝
relate,B1,涉及
related,B1,有关的
relation,B1,关系
relative,B1,相对的
relaxed,B1,轻松
relaxing,B1,放松
release,B1,发布
reliable,B1,可靠的
religion,B1,宗教
religious,B1,宗教的
remain,B1,保持
remind,B1,提醒
remote,B1,偏僻的
rent,B1,租
repeated,B1,重复
represent,B1,代表
require,B1,要求
reservation,B1,预订
resource,B1,资源
respect,B1,尊重
responsibility,B1,责任
responsible,B1,负责任的
retire,B1,退休
retired,B1,退休了
revise,B1,修订
risk,B1,风险
robot,B1,机器人
roll,B1,卷
romantic,B1,浪漫的
rope,B1,绳索
rough,B1,粗糙的
row,B1,第 1 行
royal,B1,皇家的
rugby,B1,橄榄球
safety,B1,安全
sailor,B1,水手
sample,B1,样本
sand,B1,沙
scan,B1,扫描
scientific,B1,科学的
script,B1,脚本
sculpture,B1,雕塑
secondary,B1,中学
security,B1,安全
seed,B1,种子
sensible,B1,明智的
seriously,B1,严重地
servant,B1,仆人
set,B1,放
setting,B1,环境
sex,B1,性别
sexual,B1,性的
sharp,B1,锋利的
shelf,B1,架子
shell,B1,壳
shift,B1,转移
shine,B1,闪耀
shiny,B1,闪亮的
shoot,B1,射击
shy,B1,害羞的
sight,B1,视线
signal,B1,信号
silent,B1,沉默的
silly,B1,愚蠢的
similarity,B1,相似
similarly,B1,相似地
simply,B1,简单地
sink,B1,下沉
slice,B1,片
slightly,B1,轻微地
smart,B1,聪明的
smooth,B1,光滑的
software,B1,软件
soil,B1,土壤
solid,B1,坚硬的
southern,B1,南部
specifically,B1,具体来说
spending,B1,开支
spicy,B1,辛辣的
spirit,B1,精神
spoken,B1,说
spot,B1,点
spread,B1,传播
stadium,B1,体育场
staff,B1,职员
standard,B1,标准
statistic,B1,统计
statue,B1,雕像
stick,B1,戳
stranger,B1,陌生人
strength,B1,力量
string,B1,细绳
strongly,B1,强烈地
studio,B1,工作室
stuff,B1,东西
substance,B1,物质
successfully,B1,成功地
sudden,B1,突然的
suffer,B1,遭受
suitable,B1,合适的
summarize,B1,总结
summary,B1,概括
supporter,B1,支持者
surely,B1,一定
surface,B1,表面
survive,B1,存活
switch,B1,转变
symptom,B1,症状
tail,B1,尾巴
talent,B1,天赋
talented,B1,有才华的
tape,B1,磁带
tax,B1,税
technical,B1,技术的
technique,B1,技术
tend,B1,趋向
tent,B1,帐篷
theirs,B1,他们的
theme,B1,主题
theory,B1,理论
therefore,B1,所以
though,B1,尽管
throat,B1,喉
throughout,B1,整个准备/进阶阶段
tight,B1,紧的
till,B1,直到连接/准备。
tin,B1,锡
tiny,B1,微小的
toe,B1,脚趾
tongue,B1,舌头
total,B1,全部的
totally,B1,完全
trade,B1,贸易
translate,B1,翻译
translation,B1,翻译
treat,B1,对待
treatment,B1,治疗
trend,B1,趋势
trick,B1,诡计
truth,B1,真相
tube,B1,管子
typically,B1,通常
tyre,B1,胎
ugly,B1,丑陋的
unable,B1,无法
uncomfortable,B1,不舒服
underwear,B1,内衣
unemployed,B1,失业的
unemployment,B1,失业
unfair,B1,不公平
union,B1,联盟
unless,B1,除非
unlike,B1,不像
unlikely,B1,不太可能
unnecessary,B1,不必要
unpleasant,B1,不愉快的
update,B1,更新
upon,B1,之上
upset,B1,沮丧的
used,B1,使用过
valuable,B1,有价值的
value,B1,价值
various,B1,各种的
version,B1,版本
victim,B1,受害者
viewer,B1,观众
violent,B1,暴力
volunteer,B1,志愿者
vote,B1,投票
warn,B1,警告
warning,B1,警告
waste,B1,浪费
weapon,B1,武器
weigh,B1,称重
western,B1,西
whatever,B1,无论检测/代词。
whenever,B1,每当
whether,B1,无论
wing,B1,翼
within,B1,之内
wonder,B1,想知道
wool,B1,羊毛
worldwide,B1,全世界
worth,B1,值得
written,B1,书面
yard,B1,院子
youth,B1,青年
abandon,B2,放弃
absolute,B2,绝对
absorb,B2,吸收
abstract,B2,抽象的
accent,B2,口音
acceptable,B2,可以接受
accidentally,B2,偶然
accommodate,B2,容纳
accompany,B2,陪伴
accomplish,B2,完成
accountant,B2,会计
accuracy,B2,准确性
accurate,B2,准确的
accurately,B2,准确
accuse,B2,控
acid,B2,酸
acknowledge,B2,承认
acquire,B2,获得
activate,B2,激活
actual,B2,实际的
adapt,B2,适应
addiction,B2,瘾
additional,B2,额外的
additionally,B2,此外
adequate,B2,足够的
adequately,B2,充分地
adjust,B2,调整
administration,B2,行政
adopt,B2,采纳
advance,B2,进步
affair,B2,事务
affordable,B2,负担得起的
afterwards,B2,然后
agency,B2,机构
agenda,B2,议程
aggressive,B2,挑衅的
agriculture,B2,农业
aid,B2,援助
aircraft,B2,飞机
alien,B2,外星人
alongside,B2,旁边
alter,B2,改变
altogether,B2,共
ambulance,B2,救护车
amusing,B2,有趣
analyst,B2,分析师
ancestor,B2,祖先
anger,B2,愤怒
angle,B2,角度
animation,B2,动画片
anniversary,B2,周年纪念日
annual,B2,年度的
annually,B2,每年
anticipate,B2,预料
anxiety,B2,焦虑
anxious,B2,焦虑的
apology,B2,道歉
apparent,B2,明显的
apparently,B2,显然
appeal,B2,上诉
applicant,B2,申请人
approach,B2,方法
appropriate,B2,合适的
appropriately,B2,适当地
approval,B2,赞同
approve,B2,批准
arise,B2,出现
armed,B2,武装的
arms,B2,武器
arrow,B2,箭
artificial,B2,人造的
artistic,B2,艺术的
artwork,B2,艺术品
ashamed,B2,羞愧
aside,B2,放在一边
aspect,B2,方面
assess,B2,评估
assessment,B2,评估
asset,B2,资产
assign,B2,分配
assistance,B2,协助
associate,B2,联系
associated,B2,联系
association,B2,协会
assume,B2,认为
assumption,B2,假设
assure,B2,保证
astonishing,B2,惊人
attachment,B2,依恋
attempt,B2,试图
auction,B2,拍卖
audio,B2,声音的
automatic,B2,自动的
automatically,B2,自动地
awareness,B2,意识
awkward,B2,尴尬的
bacteria,B2,细菌
badge,B2,徽章
balanced,B2,均衡
ballet,B2,芭蕾舞
balloon,B2,气球
barely,B2,仅仅
bargain,B2,便宜货
barrier,B2,障碍
basement,B2,地下室
basically,B2,基本上
basket,B2,篮子
bat,B2,球棒
beneficial,B2,有益的
beg,B2,求
being,B2,存在
bent,B2,弯曲
beside,B2,旁
besides,B2,除了
bet,B2,赌注
beyond,B2,超过
bias,B2,偏见
bid,B2,出价
biological,B2,生物
bitter,B2,苦的
blame,B2,责备
blanket,B2,毯子
blind,B2,瞎的
bold,B2,大胆的
bombing,B2,轰炸
bond,B2,纽带
booking,B2,预订
boost,B2,促进
bound,B2,边界
breast,B2,胸部
brick,B2,砖
brief,B2,简短的
briefly,B2,简要地
broad,B2,广阔
broadcast,B2,播送
broadcaster,B2,广播公司
broadly,B2,广泛地
budget,B2,预算
bug,B2,漏洞
bullet,B2,子弹
bunch,B2,束
bush,B2,衬套
cabin,B2,舱
cable,B2,电缆
calculate,B2,计算
canal,B2,运河
cancel,B2,取消
cancer,B2,癌症
candle,B2,蜡烛
capable,B2,有能力的
capacity,B2,容量
capture,B2,捕获
carbon,B2,碳
cast,B2,投掷
casual,B2,随意的
cave,B2,洞穴
cell,B2,细胞
certainty,B2,肯定
certificate,B2,证书
chairman,B2,主席
challenging,B2,具有挑战性的
championship,B2,锦标赛
characteristic,B2,特征
charming,B2,迷人
chief,B2,首领
chase,B2,追赶
cheek,B2,脸颊
cheer,B2,欢呼
choir,B2,唱诗班
chop,B2,劈
circuit,B2,电路
circumstance,B2,环境
cite,B2,引用
citizen,B2,公民
civil,B2,民事
civilization,B2,文明
clarify,B2,阐明
classic,B2,经典的
classify,B2,分类
clerk,B2,职员
cliff,B2,悬崖
clinic,B2,诊所
clip,B2,夹子
closely,B2,密切
coincidence,B2,巧合
collapse,B2,坍塌
collector,B2,集电极
colony,B2,殖民地
colourful,B2,丰富多彩的
combination,B2,组合
comfort,B2,舒适
comic,B2,漫画
command,B2,命令
commander,B2,指挥官
commission,B2,委员会
commitment,B2,承诺
committee,B2,委员会
commonly,B2,通常
comparative,B2,比较
completion,B2,完成
complicated,B2,复杂的
component,B2,成分
compose,B2,撰写
composer,B2,作曲家
compound,B2,化合物
comprehensive,B2,综合的
comprise,B2,包括
compulsory,B2,强制性的
concentration,B2,专注
concept,B2,概念
concern,B2,忧虑
concerned,B2,担心的
concrete,B2,具体的
conduct,B2,执行
confess,B2,承认
confidence,B2,信心
conflict,B2,冲突
confusing,B2,令人困惑的
confusion,B2,困惑
conscious,B2,有意识的
consequently,B2,因此
conservation,B2,保护
conservative,B2,保守的
considerable,B2,大量
considerably,B2,相当
consideration,B2,考虑
consistent,B2,持续的
consistently,B2,始终如一地
conspiracy,B2,阴谋
constant,B2,持续的
constantly,B2,不断地
construct,B2,构造
construction,B2,建造
consult,B2,咨询
consultant,B2,顾问
consumption,B2,消耗
contemporary,B2,当代的
contest,B2,竞赛
contract,B2,合同
contribute,B2,贡献
contribution,B2,贡献
controversial,B2,有争议的
controversy,B2,争议
convenience,B2,方便
convention,B2,习俗
conventional,B2,传统的
convert,B2,转变
convey,B2,传达
convinced,B2,确信
convincing,B2,令人信服的
cope,B2,应付
core,B2,核
corporate,B2,公司的
corporation,B2,公司
corridor,B2,走廊
council,B2,理事会
counter,B2,柜台
county,B2,县
courage,B2,勇气
coverage,B2,覆盖范围
crack,B2,裂缝
craft,B2,工艺
crash,B2,碰撞
creation,B2,创建
creativity,B2,创造力
creature,B2,生物
crew,B2,全体人员
crisis,B2,危机
criterion,B2,标准
critic,B2,评论家
critical,B2,批判的
critically,B2,批判地
criticism,B2,批评
criticize,B2,批评
crop,B2,庄稼
crucial,B2,至关重要的
cruise,B2,巡航
cue,B2,提示
cure,B2,治愈
curious,B2,好奇的
curriculum,B2,课程
curve,B2,曲线
curved,B2,弯曲
cute,B2,可爱的
dairy,B2,奶制品
dare,B2,敢
darkness,B2,黑暗
database,B2,数据库
deadline,B2,最后期限
deadly,B2,致命
dealer,B2,经销商
debate,B2,辩论
debt,B2,债务
decent,B2,体面的
deck,B2,甲板
declare,B2,宣布
decoration,B2,装饰
decrease,B2,减少
deeply,B2,深
defeat,B2,击败
defence,B2,防御
defend,B2,保卫
defender,B2,后卫
delay,B2,延迟
delete,B2,删除
deliberate,B2,商榷
deliberately,B2,故意地
delight,B2,喜
delighted,B2,高兴极了
delivery,B2,送货
demand,B2,要求
democracy,B2,民主
democratic,B2,民主的
demonstrate,B2,证明
demonstration,B2,示范
deny,B2,否定
depart,B2,离开
dependent,B2,依赖的
deposit,B2,订金
depressed,B2,郁闷
depressing,B2,沉闷
depression,B2,沮丧
depth,B2,深度
derive,B2,派生
deserve,B2,应得
desire,B2,欲望
desperate,B2,绝望的
desperately,B2,拼命地
destruction,B2,破坏
detailed,B2,详细的
detect,B2,探测
determination,B2,决心
devote,B2,奉献
differ,B2,不同
dig,B2,挖
disability,B2,残疾
disabled,B2,残疾人
disagreement,B2,分歧
disappoint,B2,辜负
disappointment,B2,失望
disc,B2,光盘
discipline,B2,纪律
discourage,B2,阻碍
dishonest,B2,不诚实
dismiss,B2,解雇
disorder,B2,紊乱
display,B2,展示
distant,B2,遥远的
distinct,B2,独特的
distinguish,B2,区分
distract,B2,转移
distribute,B2,分发
distribution,B2,分配
district,B2,区
disturb,B2,打扰
dive,B2,潜水
diverse,B2,各种各样的
diversity,B2,多样性
division,B2,分配
divorce,B2,离婚
domestic,B2,国内的
dominant,B2,主导的
dominate,B2,支配
donation,B2,捐款
dot,B2,点
downtown,B2,市中心
downwards,B2,向下
dozen,B2,打
draft,B2,草稿
drag,B2,拖
dramatic,B2,戏剧性
dramatically,B2,戏剧性地
drought,B2,干旱
dull,B2,乏味的
dump,B2,倾倒
duration,B2,期间
dynamic,B2,动态的
economics,B2,经济学
economist,B2,经济学家
edit,B2,编辑
edition,B2,版
editorial,B2,社论
efficient,B2,高效的
efficiently,B2,有效地
elbow,B2,弯头
elderly,B2,老年
elect,B2,选
electronics,B2,电子产品
elegant,B2,优雅的
elementary,B2,初级
eliminate,B2,排除
elsewhere,B2,别处
embrace,B2,拥抱
emerge,B2,出现
emission,B2,排放
emotional,B2,情绪化的
emotionally,B2,情感上地
emphasis,B2,强调
emphasize,B2,强调
empire,B2,帝国
enable,B2,使能够
encounter,B2,遇到
engage,B2,从事
enhance,B2,提高
enjoyable,B2,令人愉快的
enquiry,B2,询问
ensure,B2,确保
entertaining,B2,有趣的
enthusiasm,B2,热情
enthusiastic,B2,热情的
entire,B2,全部的
entirely,B2,完全
entrepreneur,B2,企业家
envelope,B2,信封
equip,B2,装备
equivalent,B2,相等的
era,B2,时代
erupt,B2,爆发
essentially,B2,本质上
establish,B2,建立
estate,B2,财产
estimate,B2,估计
ethic,B2,伦理
ethnic,B2,种族的
evaluate,B2,评价
evaluation,B2,评估
even,B2,甚至
evident,B2,明显
evil,B2,邪恶的
evolution,B2,进化
evolve,B2,发展
examination,B2,考试
exceed,B2,超过
exception,B2,例外
excessive,B2,过多的
exclude,B2,排除
excuse,B2,原谅
executive,B2,管理人员
exhibit,B2,展览
existence,B2,存在
exit,B2,出口
exotic,B2,异国情调
expansion,B2,扩张
expectation,B2,期待
expense,B2,费用
expertise,B2,专业知识
exploit,B2,开发
exploration,B2,勘探
expose,B2,暴露
exposure,B2,接触
extend,B2,延长
extension,B2,扩大
extensive,B2,广泛的
extensively,B2,广泛地
extent,B2,程度
external,B2,外部的
extraordinary,B2,非凡的
fabric,B2,织物
fabulous,B2,神话般的
facility,B2,设施
failed,B2,失败的
failure,B2,失败
faith,B2,信仰
fake,B2,伪造的
fame,B2,名声
fantasy,B2,幻想
fare,B2,票价
fault,B2,过错
feather,B2,羽毛
federal,B2,联邦
fee,B2,费用
feedback,B2,反馈
fellow,B2,同胞
fever,B2,发烧
finance,B2,金融
finding,B2,发现
firefighter,B2,消防队员
firework,B2,焰火
firm,B2,公司
firmly,B2,牢牢
flame,B2,火焰
flash,B2,闪光
flavour,B2,味道
flexible,B2,灵活的
float,B2,漂浮
folding,B2,折叠式的
fond,B2,喜欢
fool,B2,傻子
forbid,B2,禁止
forecast,B2,预报
forgive,B2,原谅
format,B2,格式
formation,B2,形成
former,B2,以前的
formerly,B2,以前
fortunate,B2,幸运
fortune,B2,财富
forum,B2,论坛
fossil,B2,化石
found,B2,成立
foundation,B2,基础
founder,B2,创始人
fraction,B2,分数
fragment,B2,分段
framework,B2,框架
fraud,B2,欺诈罪
freedom,B2,自由
freely,B2,自由地
frequency,B2,频率
frequent,B2,经常
fulfil,B2,实现
full-time,B2,全职
fully,B2,完全
fund,B2,基金
fundamental,B2,基本的
fundamentally,B2,从根本上
funding,B2,资金
furious,B2,狂怒
furthermore,B2,此外
gain,B2,获得
gaming,B2,赌博
gang,B2,帮派
gay,B2,同性恋
gender,B2,性别
gene,B2,基因
generate,B2,产生
genetic,B2,遗传的
genius,B2,天才
genre,B2,类型
genuine,B2,真的
genuinely,B2,真诚地
gesture,B2,手势
gig,B2,演出
globalization,B2,全球化
globe,B2,地球
golden,B2,金的
goodness,B2,善良
gorgeous,B2,华丽的
govern,B2,治理
governor,B2,州长
grab,B2,抓住
gradually,B2,逐步地
grand,B2,盛大
grant,B2,授予
graphic,B2,形象的
graphics,B2,图形
greatly,B2,大大地
greenhouse,B2,温室
grocery,B2,杂货店
guarantee,B2,保证
guideline,B2,指导方针
habitat,B2,栖息地
handle,B2,处理
harbour,B2,港口
harm,B2,伤害
harmful,B2,有害的
hearing,B2,听证会
headquarters,B2,总部
heal,B2,愈合
healthcare,B2,卫生保健
heaven,B2,天堂
heel,B2,脚跟
hell,B2,地狱
helmet,B2,头盔
hence,B2,因此
herb,B2,草本植物
hesitate,B2,犹豫
hidden,B2,隐
highway,B2,公路
hilarious,B2,搞笑的
hip,B2,臀部
historian,B2,历史学家
hollow,B2,空洞的
holy,B2,圣
homeless,B2,无家可归的
honesty,B2,诚实
honour,B2,荣誉
hook,B2,钩
hopefully,B2,希望
household,B2,家庭
housing,B2,住房
humorous,B2,幽默
humour,B2,幽默
hunger,B2,饥饿
hunting,B2,打猎
hypothesis,B2,假设
icon,B2,图标
ID,B2,ID
identical,B2,完全相同的
illusion,B2,错觉
illustrate,B2,阐明
illustration,B2,插图
imagination,B2,想像力
immigration,B2,移民
immune,B2,免疫
impatient,B2,不耐烦
implement,B2,实施
implication,B2,含义
imply,B2,意味着
impose,B2,强加
impress,B2,留下深刻印象
impressed,B2,印象深刻
incentive,B2,激励
inch,B2,英寸
incident,B2,事件
income,B2,收入
incorporate,B2,包含
incorrect,B2,不正确
increasingly,B2,日益
independence,B2,独立
index,B2,指数
indication,B2,指示
industrial,B2,工业的
inevitable,B2,不可避免的
inevitably,B2,不可避免地
infection,B2,感染
infer,B2,推断
inflation,B2,通货膨胀
info,B2,信息
inform,B2,通知
infrastructure,B2,基础设施
inhabitant,B2,居民
inherit,B2,继承
initial,B2,最初的
initially,B2,最初
initiative,B2,倡议
ink,B2,墨水
inner,B2,内
innovation,B2,创新
innovative,B2,创新的
input,B2,输入
insert,B2,插入
insight,B2,洞察力
insist,B2,坚持
inspector,B2,检查员
inspire,B2,启发
install,B2,安装
installation,B2,安装
instance,B2,实例
instant,B2,立即的
instantly,B2,即刻
institute,B2,研究所
institution,B2,机构
insurance,B2,保险
integrate,B2,整合
intellectual,B2,知识分子
intended,B2,故意的
intense,B2,激烈的
interact,B2,相互影响
interaction,B2,相互作用
internal,B2,内部的
interpret,B2,解释
interpretation,B2,解释
interrupt,B2,打断
interval,B2,间隔
invade,B2,入侵
invasion,B2,入侵
investigation,B2,调查
investment,B2,投资
investor,B2,投资者
isolate,B2,隔离
isolated,B2,孤立
jail,B2,监狱
jet,B2,喷射
joint,B2,联合的
journalism,B2,新闻学
joy,B2,喜悦
judgement,B2,判断
junior,B2,初级
jury,B2,陪审团
justice,B2,正义
justify,B2,证明合法
kit,B2,成套工具
labour,B2,劳动
ladder,B2,梯子
landing,B2,降落
landscape,B2,景观
lane,B2,车道
largely,B2,很大程度上
lately,B2,最近
launch,B2,发射
leadership,B2,领导
leaflet,B2,传单
league,B2,联盟
lean,B2,倾斜
legend,B2,传奇
lens,B2,镜片
licence,B2,执照
lifetime,B2,寿命
lighting,B2,灯光
likewise,B2,同样地
limitation,B2,局限性
limited,B2,有限的
literally,B2,字面上地
literary,B2,文学的
litre,B2,升
litter,B2,垃圾
lively,B2,热闹
load,B2,加载
loan,B2,贷款
logical,B2,逻辑的
logo,B2,标识
long-term,B2,长期
loose,B2,松动的
lord,B2,主
lottery,B2,彩票
lower,B2,降低
loyal,B2,忠诚
lung,B2,肺
lyric,B2,歌词
magnificent,B2,壮丽
maintain,B2,维持
majority,B2,多数
make-up,B2,化妆品
making,B2,制作
manufacture,B2,生产
manufacturing,B2,制造业
marathon,B2,马拉松
margin,B2,利润
marker,B2,标记
martial,B2,武术
mass,B2,大量的
massive,B2,大量的
master,B2,掌握
matching,B2,匹配
mate,B2,伴侣
maximum,B2,最大限度
mayor,B2,市长
means,B2,方法
measurement,B2,测量
mechanic,B2,机械
mechanical,B2,机械的
mechanism,B2,机制
medal,B2,勋章
medication,B2,药物
melt,B2,熔化
membership,B2,会员资格
memorable,B2,难忘
metaphor,B2,隐喻
military,B2,军队
miner,B2,矿工
mineral,B2,矿物
minimum,B2,最低限度
minister,B2,部长
minor,B2,次要的
minority,B2,少数民族
miserable,B2,悲惨的
mission,B2,使命
mixed,B2,混合的
mode,B2,模式
modest,B2,谦虚的
modify,B2,调整
monitor,B2,监视器
monster,B2,怪物
monthly,B2,每月
monument,B2,纪念碑
moral,B2,道德
moreover,B2,而且
mortgage,B2,抵押
mosque,B2,清真寺
motion,B2,运动
motivate,B2,激励
motivation,B2,动机
motor,B2,发动机
mount,B2,山
moving,B2,移动
multiple,B2,多种的
multiply,B2,乘
mysterious,B2,神秘
myth,B2,神话
naked,B2,裸
nasty,B2,可恶的
navigation,B2,导航
nearby,B2,附近
neat,B2,整洁的
necessity,B2,必要性
negotiate,B2,谈判
negotiation,B2,谈判
nerve,B2,神经
neutral,B2,中性的
nevertheless,B2,尽管如此
newly,B2,新
nightmare,B2,恶梦
norm,B2,规范
notebook,B2,笔记本
notion,B2,概念
novelist,B2,小说家
nowadays,B2,如今
numerous,B2,很多的
nursing,B2,护理
nutrition,B2,营养
obesity,B2,肥胖
obey,B2,服从
objective,B2,客观的
obligation,B2,义务
observation,B2,观察
observe,B2,观察
observer,B2,观察者
obstacle,B2,障碍
obtain,B2,获得
occasionally,B2,偶尔
occupation,B2,职业
occupy,B2,占据
offence,B2,罪行
offend,B2,得罪
offender,B2,罪犯
offensive,B2,进攻
ongoing,B2,正在进行的
opening,B2,开幕
openly,B2,公然
opera,B2,歌剧
operate,B2,操作
operator,B2,操作员
opponent,B2,对手
opposed,B2,反对
opposition,B2,反对
optimistic,B2,乐观的
orchestra,B2,乐队
organ,B2,器官
organic,B2,有机的
origin,B2,起源
otherwise,B2,否则
outcome,B2,结果
outer,B2,外
outfit,B2,全套服装
outline,B2,大纲
output,B2,输出
outstanding,B2,杰出的
overcome,B2,克服
overall,B2,全面的
overnight,B2,过夜
overseas,B2,海外
owe,B2,欠
ownership,B2,所有权
oxygen,B2,氧
pace,B2,步伐
packet,B2,包
palm,B2,棕榈
panel,B2,控制板
panic,B2,恐慌
parade,B2,游行
parallel,B2,平行线
parliament,B2,议会
part-time,B2,兼职
participant,B2,参与者
participation,B2,参与
partly,B2,部分地
partnership,B2,合伙
passage,B2,通道
passionate,B2,热情的
password,B2,密码
patience,B2,耐心
pause,B2,暂停
peer,B2,同行
penalty,B2,惩罚
pension,B2,养老金
perceive,B2,感知
perception,B2,洞察力
permanent,B2,永恒的
permanently,B2,永久地
permit,B2,允许
perspective,B2,看法
phase,B2,阶段
phenomenon,B2,现象
philosophy,B2,哲学
pile,B2,桩
pill,B2,丸
pitch,B2,沥青
pity,B2,遗憾
placement,B2,放置
plain,B2,清楚的
pointed,B2,尖
popularity,B2,人气
portion,B2,部分
pose,B2,姿势
possess,B2,具有
potential,B2,潜在的
potentially,B2,潜在地
praise,B2,称赞
precede,B2,领先于
precious,B2,宝贵的
precise,B2,精确的
precisely,B2,恰恰
predictable,B2,可预测的
preference,B2,偏爱
pregnant,B2,孕
preparation,B2,准备
presence,B2,在场
preserve,B2,保存
pride,B2,自豪
primarily,B2,主要是
prime,B2,主要的
principal,B2,主要的
principle,B2,原则
prior,B2,事先的
priority,B2,优先事项
privacy,B2,隐私
probability,B2,可能性
probable,B2,可能
procedure,B2,程序
proceed,B2,继续
programming,B2,编程
progressive,B2,进步
prohibit,B2,禁止
promising,B2,有前途的
promotion,B2,晋升
prompt,B2,迅速的
proof,B2,证明
proportion,B2,部分
proposal,B2,提议
propose,B2,提出
prospect,B2,前景
protection,B2,保护
protein,B2,蛋白质
protester,B2,抗议者
psychological,B2,心理
psychologist,B2,心理学家
psychology,B2,心理学
publication,B2,发布
publicity,B2,宣传
publishing,B2,出版
punk,B2,朋克
pupil,B2,瞳孔
purchase,B2,购买
pure,B2,纯的
purely,B2,纯粹
pursue,B2,追求
pursuit,B2,追求
puzzle,B2,谜
questionnaire,B2,问卷调查
racial,B2,种族
racism,B2,种族主义
racist,B2,种族主义的
radiation,B2,辐射
rail,B2,轨
random,B2,随机的
rank,B2,秩
rapid,B2,迅速的
rapidly,B2,迅速地
rat,B2,鼠
rating,B2,等级
raw,B2,生的
realistic,B2,实际的
reasonable,B2,合理的
reasonably,B2,合理地
rebuild,B2,重建
recall,B2,记起
receiver,B2,接收者
recession,B2,经济衰退
reckon,B2,估计
recover,B2,恢复
recovery,B2,恢复
recruit,B2,招募
recruitment,B2,招聘
reduction,B2,减少
referee,B2,裁判
refugee,B2,难民
regard,B2,看待
regional,B2,区域性的
register,B2,登记
registration,B2,登记
regret,B2,后悔
regulate,B2,调节
regulation,B2,规定
reinforce,B2,加强
relatively,B2,相对地
relevant,B2,相关的
relief,B2,宽慰
relieve,B2,缓解
relieved,B2,松了口气
rely,B2,依靠
remark,B2,评论
remarkable,B2,卓越
remarkably,B2,引人注目地
reporting,B2,报告
representative,B2,代表
reputation,B2,名声
requirement,B2,要求
rescue,B2,救援
reserve,B2,预订
resident,B2,居民
resign,B2,辞职
resist,B2,抵抗
resolution,B2,解决
resolve,B2,解决
resort,B2,采取
restore,B2,恢复
restrict,B2,限制
restriction,B2,限制
retail,B2,零售
retain,B2,保持
retirement,B2,退休
reveal,B2,揭示
revenue,B2,收入
revision,B2,修订
revolution,B2,革命
reward,B2,报酬
rhythm,B2,韵律
rid,B2,摆脱
ridiculous,B2,荒谬的
risky,B2,有风险的
rival,B2,竞争对手
rob,B2,抢
robbery,B2,抢劫
rocket,B2,火箭
romance,B2,浪漫
root,B2,根
rose,B2,玫瑰
roughly,B2,大致
rub,B2,擦
rubber,B2,橡皮
ruin,B2,废墟
rural,B2,乡村的
rush,B2,匆忙
satellite,B2,卫星
satisfaction,B2,满意
satisfied,B2,使满意
satisfy,B2,满足
saving,B2,保存
scale,B2,规模
scandal,B2,丑闻
scare,B2,吓
scenario,B2,设想
scheme,B2,方案
scholar,B2,学者
scholarship,B2,奖学金
scratch,B2,划痕
scream,B2,尖叫
screening,B2,筛选
sector,B2,部门
secure,B2,安全的
seek,B2,寻找
seeker,B2,探索者
select,B2,选择
selection,B2,选择
self,B2,自己
seminar,B2,研讨会
senior,B2,高级的
sensitive,B2,敏感的
sequence,B2,顺序
session,B2,会议
settle,B2,定居
settler,B2,定居者
severe,B2,严重
severely,B2,严重
sexy,B2,性感的
shade,B2,阴影
shadow,B2,影子
shallow,B2,浅的
shame,B2,耻辱
shaped,B2,形状的
shelter,B2,庇护所
shock,B2,震惊
shocked,B2,震惊
shocking,B2,令人震惊的
shooting,B2,射击
shore,B2,支撑
short-term,B2,短期
shortage,B2,短缺
shortly,B2,不久
shot,B2,射击
sibling,B2,兄弟
signature,B2,签名
significance,B2,意义
significant,B2,重要的
significantly,B2,显著地
silence,B2,沉默
silk,B2,丝绸
sincere,B2,真诚
skilled,B2,熟练
skull,B2,颅骨
slave,B2,奴隶
slide,B2,滑动
slight,B2,轻微
slip,B2,滑
slogan,B2,口号
slope,B2,坡
so-called,B2,所谓的
solar,B2,太阳的
somehow,B2,不知何故
sometime,B2,某个时候
somewhat,B2,有些
sophisticated,B2,复杂的
soul,B2,灵魂
spare,B2,空闲的
specialist,B2,专家
specialize,B2,专门化
species,B2,物种
specify,B2,指定
spectacular,B2,壮观的
spectator,B2,旁观者
speculate,B2,推测
speculation,B2,猜测
spice,B2,香料
spill,B2,溢出
spiritual,B2,精神
spite,B2,恶意
split,B2,分裂
spoil,B2,破坏
spokesman,B2,发言人
spokesperson,B2,发言人
spokeswoman,B2,发言人
sponsor,B2,赞助
sponsorship,B2,赞助
sporting,B2,体育运动
stable,B2,稳定的
stall,B2,摊位
stance,B2,姿态
stare,B2,盯
starve,B2,饿死
status,B2,地位
steadily,B2,稳步
steady,B2,稳定的
steam,B2,蒸汽
steel,B2,钢
steep,B2,陡
sticky,B2,黏
stiff,B2,僵硬的
stimulate,B2,刺激
stock,B2,库存
stream,B2,溪流
strengthen,B2,加强
stretch,B2,拉紧
strict,B2,严格的
strictly,B2,严格地
strike,B2,罢工
stroke,B2,中风
struggle,B2,斗争
stunning,B2,令人惊叹的
submit,B2,提交
subsequent,B2,随后的
subsequently,B2,随后
suburb,B2,市郊
suffering,B2,痛苦
sufficient,B2,充足的
sufficiently,B2,充分地
sum,B2,和
super,B2,极好的
surgeon,B2,外科医生
surgery,B2,外科手术
surround,B2,环绕
surrounding,B2,周围
survival,B2,生存
survivor,B2,幸存者
suspect,B2,怀疑
suspend,B2,暂停
sustainable,B2,可持续的
swallow,B2,吞
swear,B2,发誓
sweep,B2,扫
sympathetic,B2,富有同情心的
sympathy,B2,同情
tackle,B2,处理
tag,B2,标签
tale,B2,故事
tank,B2,坦克
tap,B2,轻敲
tear,B2,撕裂
technological,B2,技术性的
teens,B2,青少年
temple,B2,寺庙
temporarily,B2,暂时地
temporary,B2,暂时的
tendency,B2,趋势
tension,B2,紧张
therapy,B2,治疗
terminal,B2,终端
terms,B2,条款
terribly,B2,可怕
terrify,B2,吓坏
territory,B2,领土
terror,B2,恐怖
terrorism,B2,恐怖主义
terrorist,B2,恐怖分子
testing,B2,测试
textbook,B2,教科书
theft,B2,盗窃
therapist,B2,治疗师
thesis,B2,论文
thorough,B2,彻底
thoroughly,B2,彻底地
threat,B2,威胁
threaten,B2,威胁
thumb,B2,拇指
thus,B2,因此
timing,B2,定时
tissue,B2,组织
ton,B2,吨
tone,B2,语气
tonne,B2,公吨
tough,B2,艰难的
tournament,B2,比赛
trace,B2,痕迹
trading,B2,贸易
tragedy,B2,悲剧
tragic,B2,悲惨
trait,B2,特征
transfer,B2,转移
transform,B2,转换
transition,B2,过渡
transmit,B2,发送
transportation,B2,运输
trap,B2,陷阱
trial,B2,审判
tribe,B2,部落
trigger,B2,扳机
trillion,B2,万亿数
troop,B2,部队
tropical,B2,热带
truly,B2,确实
trust,B2,相信
tsunami,B2,海啸
tune,B2,调
tunnel,B2,隧道
ultimate,B2,最终的
ultimately,B2,最终
unacceptable,B2,不可接受的
uncertainty,B2,不确定
unconscious,B2,无意识
undergo,B2,经历
undertake,B2,承担
unexpected,B2,意外
unfold,B2,展开
unfortunate,B2,不幸
unique,B2,独特的
unite,B2,团结
unity,B2,统一
universal,B2,普遍的
universe,B2,宇宙
unknown,B2,未知
upper,B2,上
upwards,B2,向上
urban,B2,城市的
urge,B2,敦促
urgent,B2,紧迫的
usage,B2,用法
useless,B2,无用
valid,B2,有效的
variation,B2,变化
vary,B2,各不相同
vast,B2,广阔的
venue,B2,场地
vertical,B2,垂直的
via,B2,通过
victory,B2,胜利
viewpoint,B2,观点
violence,B2,暴力
virtual,B2,虚拟的
visa,B2,签证
visible,B2,可见的
vision,B2,想象
visual,B2,视觉的
vital,B2,必不可少的
vitamin,B2,维他命
volume,B2,体积
voluntary,B2,自愿
voting,B2,表决
wage,B2,工资
wander,B2,漫步
warming,B2,变暖
weakness,B2,弱点
wealth,B2,财富
wealthy,B2,富裕
weekly,B2,每周
weird,B2,诡异的
welfare,B2,福利
wheat,B2,小麦
whereas,B2,然而
wherever,B2,无论在哪里
whisper,B2,耳语
whoever,B2,谁
whom,B2,谁
widely,B2,广泛
widespread,B2,广泛
wildlife,B2,野生动物
willing,B2,愿意的
wire,B2,金属丝
wisdom,B2,智慧
wise,B2,明智的
withdraw,B2,提取
witness,B2,证人
workforce,B2,劳动力
workplace,B2,工作场所
workshop,B2,车间
worm,B2,蠕虫
wound,B2,伤口
wrap,B2,裹
wrist,B2,手腕
zone,B2,区
abolish,C1,取消
abortion,C1,流产
absence,C1,缺席
absent,C1,缺席的
absurd,C1,荒诞
abundance,C1,丰富
abuse,C1,虐待
academy,C1,学院
accelerate,C1,加速
acceptance,C1,验收
accessible,C1,无障碍
accomplishment,C1,成就
accordance,C1,符合
accordingly,C1,因此
accountability,C1,问责制
accountable,C1,负责的
accumulate,C1,积累
accumulation,C1,积累
accusation,C1,指控
accused,C1,被告
acquisition,C1,获得
acre,C1,英亩
activation,C1,激活
activist,C1,活动家
acute,C1,急性
adaptation,C1,适应
adhere,C1,坚持
adjacent,C1,邻近的
adjustment,C1,调整
administer,C1,管理
administrative,C1,行政
administrator,C1,行政人员
admission,C1,入场
adolescent,C1,青少年
adoption,C1,采用
adverse,C1,不利的
advocate,C1,提倡
aesthetic,C1,审美的
affection,C1,感情
aftermath,C1,后果
aggression,C1,侵略
agricultural,C1,农业
aide,C1,助手
albeit,C1,尽管
alert,C1,警报
align,C1,对齐
alignment,C1,结盟
alike,C1,一样
allegation,C1,指控
allege,C1,声称
allegedly,C1,据称
alliance,C1,联盟
allocate,C1,分配
allocation,C1,分配
allowance,C1,津贴
ally,C1,盟友
aluminium,C1,铝
amateur,C1,业余
ambassador,C1,大使
amend,C1,修正
amendment,C1,修正案
amid,C1,之中
analogy,C1,类比
anchor,C1,锚
angel,C1,天使
anonymous,C1,匿名的
apparatus,C1,设备
appealing,C1,吸引人的
appetite,C1,食欲
applaud,C1,鼓掌
applicable,C1,适用的
appoint,C1,委
appreciation,C1,欣赏
arbitrary,C1,随意的
architectural,C1,建筑学
archive,C1,档案
arena,C1,竞技场
arguably,C1,可以说
array,C1,大批
articulate,C1,表达清楚
ash,C1,灰
aspiration,C1,愿望
aspire,C1,渴望
assassination,C1,暗杀
assault,C1,突击
assemble,C1,集合
assembly,C1,集会
assert,C1,断言
assertion,C1,断言
assurance,C1,保证
asylum,C1,庇护
attain,C1,达到
attendance,C1,出席率
attorney,C1,律师
attribute,C1,属性
audit,C1,审计
authentic,C1,真正的
authorize,C1,授权
auto,C1,汽车
autonomy,C1,自治
availability,C1,可用性
await,C1,等待
backdrop,C1,背景
backing,C1,后盾
backup,C1,备份
bail,C1,保释
ballot,C1,选票
banner,C1,横幅
bare,C1,裸
barrel,C1,桶
bass,C1,低音
battlefield,C1,战场
bay,C1,湾
beam,C1,光束
beast,C1,兽
behalf,C1,代表
beloved,C1,心爱
bench,C1,长椅
benchmark,C1,基准
beneath,C1,下面
beneficiary,C1,受益人
betray,C1,背叛
bind,C1,绑定
biography,C1,传
bishop,C1,主教
bizarre,C1,奇异的
blade,C1,刀刃
blast,C1,爆炸
bleed,C1,流血
blend,C1,混合
bless,C1,保佑
blessing,C1,祝福
boast,C1,夸
bonus,C1,奖金
boom,C1,繁荣
bounce,C1,弹跳
boundary,C1,边界
bow,C1,弓
breach,C1,违反
breakdown,C1,分解
breakthrough,C1,突破
breed,C1,品种
broadband,C1,宽带
browser,C1,浏览器
brutal,C1,野蛮
buck,C1,巴克
buddy,C1,伙伴
buffer,C1,缓冲
bulk,C1,大部分
burden,C1,负担
bureaucracy,C1,官僚
burial,C1,葬礼
burst,C1,爆裂
cabinet,C1,内阁
calculation,C1,计算
canvas,C1,帆布
capability,C1,能力
capitalism,C1,资本主义
capitalist,C1,资本家
cargo,C1,货物
carriage,C1,运输
carve,C1,雕刻
casino,C1,赌场
casualty,C1,伤亡
catalogue,C1,目录
cater,C1,迎合
cattle,C1,牛
caution,C1,警告
cautious,C1,谨慎
cease,C1,停止
cemetery,C1,公墓
chamber,C1,室
chaos,C1,混乱
characterize,C1,表征
charm,C1,魅力
charter,C1,宪章
chronic,C1,慢性的
chunk,C1,块
circulate,C1,流通
circulation,C1,循环
citizenship,C1,国籍
civic,C1,公民的
civilian,C1,平民
clarity,C1,明晰
clash,C1,冲突
classification,C1,分类
cling,C1,紧贴
clinical,C1,临床
closure,C1,关闭
cluster,C1,簇
coalition,C1,联盟
coastal,C1,沿海
cocktail,C1,鸡尾酒
cognitive,C1,认知的
coincide,C1,重合
collaborate,C1,合作
collaboration,C1,合作
collective,C1,集体
collision,C1,碰撞
colonial,C1,殖民
columnist,C1,专栏作家
combat,C1,战斗
commence,C1,开始
commentary,C1,评论
commentator,C1,评论员
commerce,C1,商业
commissioner,C1,专员
commodity,C1,商品
communist,C1,共产
companion,C1,伴侣
comparable,C1,可比
compassion,C1,同情
compel,C1,迫使
compelling,C1,引人注目的
compensate,C1,补偿
compensation,C1,赔偿
competence,C1,权限
competent,C1,胜任的
compile,C1,编译
complement,C1,补充
complexity,C1,复杂
compliance,C1,遵守
complication,C1,并发症
comply,C1,遵守
composition,C1,作品
compromise,C1,妥协
compute,C1,计算
conceal,C1,隐藏
concede,C1,承认
conceive,C1,构想
conception,C1,概念
concession,C1,让步
condemn,C1,谴责
confer,C1,授予
confession,C1,忏悔
configuration,C1,配置
confine,C1,局限
confirmation,C1,确认
confront,C1,面对
confrontation,C1,对抗
congratulate,C1,祝贺
congregation,C1,会众
congressional,C1,国会的
conquer,C1,征服
conscience,C1,良心
consciousness,C1,意识
consecutive,C1,连续的
consensus,C1,共识
consent,C1,同意
conserve,C1,养护
consistency,C1,一致性
consolidate,C1,巩固
constituency,C1,选区
constitute,C1,构成
constitution,C1,宪法
constitutional,C1,宪政的
constraint,C1,约束
consultation,C1,咨询
contemplate,C1,沉思
contempt,C1,鄙视
contend,C1,抗衡
contender,C1,竞争者
contention,C1,争论
continually,C1,不断地
contractor,C1,承包商
contradiction,C1,矛盾
contrary,C1,相反
contributor,C1,贡献者
conversion,C1,转换
convict,C1,定罪
conviction,C1,定罪
cooperate,C1,合作
cooperative,C1,合作社
coordinate,C1,协调
coordination,C1,协调
coordinator,C1,协调员
cop,C1,警察
copper,C1,铜
copyright,C1,版权
correction,C1,更正
correlate,C1,关联
correlation,C1,相关性
correspond,C1,对应
correspondence,C1,一致
correspondent,C1,记者
corresponding,C1,相应的
corrupt,C1,腐败
corruption,C1,腐败
costly,C1,昂贵
councillor,C1,议员
counselling,C1,辅导
counsellor,C1,顾问
counterpart,C1,对方
countless,C1,无数
coup,C1,政变
courtesy,C1,礼貌
crawl,C1,爬行
creator,C1,创造者
credibility,C1,可信度
credible,C1,可信的
creep,C1,蠕变
critique,C1,批判
crown,C1,王冠
crude,C1,原油
crush,C1,压碎
crystal,C1,水晶
cult,C1,邪教
cultivate,C1,培育
curiosity,C1,好奇心
custody,C1,保管
cutting,C1,切割
cynical,C1,愤世嫉俗的
dam,C1,坝
damaging,C1,破坏性的
dawn,C1,黎明
debris,C1,碎片
debut,C1,首次亮相
decision-making,C1,决策
decisive,C1,决定性
declaration,C1,宣言
dedicated,C1,投入的
dedication,C1,奉献
deed,C1,契据
deem,C1,认为
default,C1,默认
defect,C1,缺点
defensive,C1,防御性的
deficiency,C1,不足
deficit,C1,赤字
defy,C1,违抗
delegate,C1,代表
delegation,C1,代表团
delicate,C1,精美的
demon,C1,恶魔
denial,C1,拒绝
denounce,C1,声讨
dense,C1,稠密
density,C1,密度
dependence,C1,依赖
depict,C1,描绘
deploy,C1,部署
deployment,C1,部署
deprive,C1,剥夺
deputy,C1,副
descend,C1,下降
descent,C1,血统
designate,C1,指定
desirable,C1,理想的
desktop,C1,桌面
destructive,C1,破坏性的
detain,C1,扣留
detection,C1,检测
detention,C1,拘留
deteriorate,C1,恶化
devastate,C1,蹂躏
devil,C1,魔鬼
devise,C1,设计
diagnose,C1,诊断
diagnosis,C1,诊断
dictate,C1,听写
dictator,C1,独裁者
differentiate,C1,区分
dignity,C1,尊严
dilemma,C1,困境
dimension,C1,方面
dip,C1,蘸
diplomat,C1,外交官
diplomatic,C1,外交
directory,C1,目录
disastrous,C1,灾难性的
discard,C1,丢弃
discharge,C1,释放
disclose,C1,透露
disclosure,C1,披露
discourse,C1,话语
discretion,C1,审慎
discrimination,C1,歧视
dismissal,C1,解雇
displace,C1,取代
disposal,C1,处理
dispose,C1,处置
dispute,C1,争议
disrupt,C1,扰乱
disruption,C1,破坏
dissolve,C1,溶解
distinction,C1,区别
distinctive,C1,独特的
distort,C1,歪曲
distress,C1,苦恼
disturbing,C1,令人不安的
divert,C1,转移
divine,C1,神圣的
doctrine,C1,教义
documentation,C1,文档
domain,C1,领域
dominance,C1,统治地位
donor,C1,捐助者
dose,C1,剂量
drain,C1,流走
drift,C1,漂移
drown,C1,淹死
dual,C1,双重的
dub,C1,配音
dumb,C1,哑的
duo,C1,二人组
eager,C1,渴望的
earnings,C1,收益
ease,C1,舒适
echo,C1,回声
ecological,C1,生态的
educator,C1,教育家
effectiveness,C1,效力
efficiency,C1,效率
ego,C1,自我
elaborate,C1,精心制作的
electoral,C1,选举的
elevate,C1,提升
eligible,C1,有资格的
elite,C1,精英
embark,C1,登船
embarrassment,C1,尴尬
embassy,C1,大使馆
embed,C1,嵌入
embody,C1,体现
emergence,C1,涌现
empirical,C1,经验
empower,C1,赋权
enact,C1,颁布
encompass,C1,涵盖
encouragement,C1,鼓励
encouraging,C1,鼓励
endeavour,C1,努力
endless,C1,无尽的
endorse,C1,赞同
endorsement,C1,代言
endure,C1,忍受
enforce,C1,执行
enforcement,C1,执行
engagement,C1,订婚
engaging,C1,吸引人的
enquire,C1,查询
enrich,C1,丰富
enrol,C1,注册
ensue,C1,随后
enterprise,C1,企业
enthusiast,C1,爱好者
entitle,C1,赋予
entity,C1,实体
epidemic,C1,流行性
equality,C1,平等
equation,C1,方程
erect,C1,直立
escalate,C1,升级
essence,C1,本质
establishment,C1,设立
eternal,C1,永恒
evacuate,C1,撤离
evoke,C1,唤起
evolutionary,C1,进化的
exaggerate,C1,夸大
excellence,C1,卓越
exceptional,C1,异常的
excess,C1,过量的
exclusion,C1,排除
exclusive,C1,独家的
exclusively,C1,只
execute,C1,执行
execution,C1,执行
exert,C1,发挥
exile,C1,流亡
expenditure,C1,支出
experimental,C1,实验性的
expire,C1,到期
explicit,C1,明确的
explicitly,C1,明确地
exploitation,C1,开发
explosive,C1,爆炸物
extract,C1,提炼
extremist,C1,极端主义者
facilitate,C1,促进
faction,C1,派
faculty,C1,学院
fade,C1,褪色
fairness,C1,公平
fatal,C1,致命的
fate,C1,命运
favourable,C1,有利
feat,C1,壮举
feminist,C1,女权主义者
fibre,C1,纤维
fierce,C1,凶猛的
film-maker,C1,电影制作人
filter,C1,筛选
firearm,C1,火器
fixture,C1,夹具
flaw,C1,缺陷
flawed,C1,有缺陷的
flee,C1,逃跑
fleet,C1,舰队
flesh,C1,肉
flexibility,C1,灵活性
flourish,C1,繁荣
fluid,C1,体液
footage,C1,镜头
foreigner,C1,外国人
forge,C1,锻造
formula,C1,公式
formulate,C1,制定
forth,C1,向前
forthcoming,C1,即将推出
foster,C1,促进
fragile,C1,脆弱的
franchise,C1,特许经营权
frankly,C1,坦白地说
frustrated,C1,沮丧的
frustrating,C1,令人沮丧的
frustration,C1,挫折
functional,C1,功能性的
fundraising,C1,筹款
funeral,C1,葬礼
gallon,C1,加仑
gambling,C1,赌博
gathering,C1,采集
gaze,C1,目光
gear,C1,齿轮
generic,C1,通用的
genocide,C1,种族灭绝
glance,C1,一眼
glimpse,C1,一瞥
glorious,C1,辉煌
glory,C1,荣耀
governance,C1,治理
grace,C1,优雅
grasp,C1,抓牢
grave,C1,严重
gravity,C1,重力
grid,C1,网格
grief,C1,悲伤
grin,C1,咧嘴笑
grind,C1,研磨
grip,C1,紧握
gross,C1,总的
guerrilla,C1,游击队
guidance,C1,指导
guilt,C1,有罪
gut,C1,肠道
hail,C1,冰雹
halfway,C1,半
halt,C1,停止
handful,C1,少数
handling,C1,处理
handy,C1,便利
harassment,C1,骚扰
hardware,C1,硬件
harmony,C1,和谐
harsh,C1,残酷的
harvest,C1,收成
hatred,C1,仇恨
haunt,C1,出没
hazard,C1,冒险
heighten,C1,增高
heritage,C1,遗产
hierarchy,C1,等级制度
high-profile,C1,高调
hint,C1,暗示
homeland,C1,家园
hopeful,C1,有希望的
horizon,C1,地平线
horn,C1,喇叭
hostage,C1,人质
hostile,C1,敌对的
hostility,C1,敌意
humanitarian,C1,人道主义的
humanity,C1,人类
humble,C1,谦逊的
hydrogen,C1,氢
identification,C1,鉴别
ideological,C1,思想
ideology,C1,思想
idiot,C1,笨蛋
ignorance,C1,无知
imagery,C1,图像
immense,C1,巨大
imminent,C1,迫在眉睫的
implementation,C1,执行
imprison,C1,监禁
imprisonment,C1,监禁
inability,C1,无力
inadequate,C1,不足
inappropriate,C1,不当
incidence,C1,发生率
inclined,C1,倾斜的
inclusion,C1,包容性
incur,C1,招致
indicator,C1,指标
indictment,C1,起诉书
indigenous,C1,土著
induce,C1,诱发
indulge,C1,放纵
inequality,C1,不等式
infamous,C1,臭名昭著的
infant,C1,婴儿
infect,C1,感染
inflict,C1,造成
influential,C1,有影响
inherent,C1,固有
inhibit,C1,抑制
initiate,C1,发起
inject,C1,注入
injection,C1,注射
injustice,C1,不公正
inmate,C1,犯人
insertion,C1,插入
insider,C1,内幕人士
inspect,C1,检查
inspection,C1,检查
inspiration,C1,灵感
instinct,C1,本能
institutional,C1,制度性的
instruct,C1,指示
instrumental,C1,工具性的
insufficient,C1,不足的
insult,C1,侮辱
intact,C1,完好无损的
intake,C1,摄入量
integral,C1,不可缺少的
integrated,C1,融合的
integration,C1,一体化
integrity,C1,正直
intensify,C1,强化
intensity,C1,强度
intensive,C1,密集的
intent,C1,意图
interactive,C1,交互的
interface,C1,界面
interfere,C1,干扰
interim,C1,临时
interior,C1,内部的
intermediate,C1,中间的
intervene,C1,干预
intervention,C1,干涉
intimate,C1,亲密的
intriguing,C1,有趣的
investigator,C1,研究者
invisible,C1,无形的
invoke,C1,调用
involvement,C1,参与
ironic,C1,讽刺的
ironically,C1,讽刺地
irony,C1,讽刺
irrelevant,C1,不相关的
isolation,C1,隔离
judicial,C1,司法
junction,C1,交界处
jurisdiction,C1,管辖权
justification,C1,理由
kidnap,C1,绑架
kidney,C1,肾
kingdom,C1,王国
lad,C1,小伙子
landlord,C1,房东
landmark,C1,地标
lap,C1,圈
large-scale,C1,大规模
laser,C1,激光
latter,C1,后者
lawn,C1,草地
lawsuit,C1,诉讼
layout,C1,布局
leak,C1,泄露
leap,C1,飞跃
legacy,C1,遗产
legendary,C1,传奇的
legislation,C1,立法
legislative,C1,立法
legislature,C1,立法机关
legitimate,C1,合法的
lengthy,C1,冗长
lesbian,C1,女同性恋
lesser,C1,较小的
lethal,C1,致命
liable,C1,容易
liberal,C1,自由主义
liberation,C1,解放
liberty,C1,自由
license,C1,执照
lifelong,C1,终身
likelihood,C1,可能性
limb,C1,肢
line-up,C1,阵容
linear,C1,线性
linger,C1,萦绕
listing,C1,上市
literacy,C1,识字能力
liver,C1,肝
lobby,C1,大堂
log,C1,日志
logic,C1,逻辑
long-standing,C1,长期存在的
long-time,C1,很久
loom,C1,织布机
loop,C1,环形
loyalty,C1,忠诚
machinery,C1,机器
magical,C1,神奇的
magistrate,C1,地方法官
magnetic,C1,磁的
magnitude,C1,震级
mainland,C1,大陆
mainstream,C1,主流
maintenance,C1,维护
mandate,C1,授权
mandatory,C1,强制的
manifest,C1,显现
manipulate,C1,操纵
manipulation,C1,操纵
manuscript,C1,手稿
marginal,C1,边缘
marine,C1,海洋
marketplace,C1,市场
mask,C1,面具
massacre,C1,屠杀
mathematical,C1,数学的
mature,C1,成熟
maximize,C1,最大化
meaningful,C1,有意义的
meantime,C1,与此同时
medieval,C1,中世纪
meditation,C1,冥想
melody,C1,旋律
memo,C1,备忘录
memoir,C1,回忆录
memorial,C1,纪念馆
mentor,C1,导师
merchant,C1,商人
mercy,C1,怜悯
mere,C1,仅仅
merely,C1,仅仅
merge,C1,合并
merger,C1,合并
merit,C1,优点
methodology,C1,方法论
midst,C1,中间
migration,C1,迁移
militant,C1,好战的
militia,C1,民兵
mill,C1,磨
minimal,C1,最小的
minimize,C1,最小化
mining,C1,矿业
ministry,C1,部
miracle,C1,奇迹
misery,C1,苦难
misleading,C1,误导性的
missile,C1,导弹
mob,C1,暴民
mobility,C1,流动性
mobilize,C1,动员
moderate,C1,缓和
modification,C1,修改
momentum,C1,势头
monk,C1,僧
monopoly,C1,垄断
morality,C1,道德
motive,C1,动机
motorist,C1,驾车者
municipal,C1,市级
mutual,C1,相互的
namely,C1,即
nationwide,C1,全国
naval,C1,海军
neglect,C1,忽视
nest,C1,巢
newsletter,C1,通讯
niche,C1,利基
noble,C1,高贵
nod,C1,点头
nominate,C1,提名
nomination,C1,提名
nominee,C1,被提名人
non-profit,C1,非营利组织
nonetheless,C1,尽管如此
nonsense,C1,废话
noon,C1,中午
notable,C1,值得注意的
notably,C1,尤其
notify,C1,通知
notorious,C1,臭名昭著
nursery,C1,苗圃
objection,C1,异议
oblige,C1,义务
obsess,C1,缠住
obsession,C1,痴迷
occasional,C1,偶然
occurrence,C1,发生
odds,C1,赔率
offering,C1,奉献
offspring,C1,后代
operational,C1,操作
opt,C1,选择
optical,C1,光学的
optimism,C1,乐观
oral,C1,口服
organizational,C1,组织
orientation,C1,方向
originate,C1,起源
outbreak,C1,暴发
outing,C1,郊游
outlet,C1,出路
outlook,C1,前景
outrage,C1,暴行
outsider,C1,局外人
overlook,C1,俯瞰
overly,C1,过于
oversee,C1,监督
overturn,C1,颠覆
overwhelm,C1,压倒
overwhelming,C1,压倒
pad,C1,软垫
parameter,C1,范围
parental,C1,父母的
parish,C1,教区
parliamentary,C1,议会
partial,C1,部分的
partially,C1,部分地
passing,C1,通过
passive,C1,被动的
pastor,C1,牧师
patch,C1,修补
patent,C1,专利
pathway,C1,路径
patrol,C1,巡逻
patron,C1,赞助人
peak,C1,顶峰
peasant,C1,农民
peculiar,C1,奇特的
persist,C1,坚持
persistent,C1,持久的
personnel,C1,人员
petition,C1,请愿
philosopher,C1,哲学家
philosophical,C1,哲学的
physician,C1,医生
pioneer,C1,先驱
pipeline,C1,管道
pirate,C1,海盗
pit,C1,坑
plea,C1,恳求
plead,C1,辩护
pledge,C1,承诺
plug,C1,插头
plunge,C1,跳入
pole,C1,极
poll,C1,投票
pond,C1,池塘
portfolio,C1,投资组合
portray,C1,描绘
post-war,C1,战后的
postpone,C1,推迟
practitioner,C1,从业者
preach,C1,说教
precedent,C1,先例
precision,C1,精确
predator,C1,掠食者
predecessor,C1,前任
predominantly,C1,主要地
pregnancy,C1,怀孕
prejudice,C1,偏见
preliminary,C1,初步的
premier,C1,总理
premise,C1,前提
premium,C1,溢价
prescribe,C1,开处方
prescription,C1,处方
presently,C1,目前
preservation,C1,保存
preside,C1,主持
presidency,C1,总统任期
presidential,C1,总统的
prestigious,C1,有声望的
presumably,C1,大概
presume,C1,假设
prevail,C1,盛行
prevalence,C1,流行
prevention,C1,预防
prey,C1,猎物
privatization,C1,私有化
privilege,C1,特权
probe,C1,探测
problematic,C1,有问题的
proceedings,C1,诉讼程序
proceeds,C1,收益
processing,C1,处理
processor,C1,处理器
proclaim,C1,宣告
productive,C1,有成效的
productivity,C1,生产力
profitable,C1,有利可图的
profound,C1,深刻的
projection,C1,预测
prominent,C1,突出的
pronounced,C1,明显的
propaganda,C1,宣传
proposition,C1,命题
prosecute,C1,起诉
prosecution,C1,检察
prosecutor,C1,检察官
prosperity,C1,繁荣
protective,C1,保护的
protocol,C1,协议
province,C1,省
provincial,C1,省的
provision,C1,规定
provoke,C1,挑衅
psychiatric,C1,精神病学的
pulse,C1,脉搏
pump,C1,泵
punch,C1,拳打
query,C1,查询
quest,C1,探索
quota,C1,配额
radar,C1,雷达
radical,C1,激进的
rage,C1,愤怒
raid,C1,突袭
rally,C1,集会
ranking,C1,排名
rape,C1,强奸
ratio,C1,比率
rational,C1,理性的
ray,C1,射线
readily,C1,容易地
realization,C1,实现
realm,C1,领域
rear,C1,后部
reasoning,C1,推理
reassure,C1,安慰
rebel,C1,反叛者
rebellion,C1,叛乱
recipient,C1,接收者
reconstruction,C1,重建
recount,C1,叙述
referendum,C1,公投
reflection,C1,反思
reform,C1,改革
refuge,C1,避难
refusal,C1,拒绝
regain,C1,恢复
regardless,C1,不管
regime,C1,政权
regulator,C1,监管机构
regulatory,C1,监管的
rehabilitation,C1,康复
reign,C1,统治
rejection,C1,拒绝
relevance,C1,相关性
reliability,C1,可靠性
reluctant,C1,不情愿的
remainder,C1,剩余
remains,C1,遗迹
remedy,C1,补救
reminder,C1,提醒
removal,C1,移除
render,C1,渲染
renew,C1,更新
renowned,C1,著名的
rental,C1,租赁
replacement,C1,替换
reportedly,C1,据报道
representation,C1,代表
reproduce,C1,繁殖
reproduction,C1,繁殖
republic,C1,共和国
resemble,C1,相似
reside,C1,居住
residence,C1,住所
residential,C1,住宅的
residue,C1,残留
resignation,C1,辞职
resistance,C1,抵抗
respective,C1,各自的
respectively,C1,分别
restoration,C1,恢复
restraint,C1,克制
resume,C1,恢复
retreat,C1,撤退
retrieve,C1,检索
revelation,C1,启示
revenge,C1,报复
reverse,C1,反转
revival,C1,复兴
revive,C1,复活
revolutionary,C1,革命的
rhetoric,C1,修辞
rifle,C1,步枪
riot,C1,暴乱
rip,C1,撕裂
ritual,C1,仪式
robust,C1,强健的
rod,C1,杆
rotate,C1,旋转
rotation,C1,旋转
ruling,C1,裁定
rumour,C1,谣言
sack,C1,解雇
sacred,C1,神圣的
sacrifice,C1,牺牲
saint,C1,圣人
sake,C1,缘故
sanction,C1,制裁
scattered,C1,分散的
sceptical,C1,怀疑的
scope,C1,范围
screw,C1,螺丝
scrutiny,C1,审查
seal,C1,密封
secular,C1,世俗的
seemingly,C1,看似
segment,C1,段
seize,C1,抓住
seldom,C1,很少
selective,C1,选择性的
senator,C1,参议员
sensation,C1,感觉
sensitivity,C1,敏感性
sentiment,C1,情感
separation,C1,分离
serial,C1,连续的
set-up,C1,设置
settlement,C1,和解
sexuality,C1,性
shareholder,C1,股东
shatter,C1,粉碎
shed,C1,小屋
sheer,C1,纯粹的
shipping,C1,航运
shrink,C1,收缩
shrug,C1,耸肩
sigh,C1,叹息
simulate,C1,模拟
simulation,C1,模拟
simultaneously,C1,同时
sin,C1,罪
situated,C1,坐落于
sketch,C1,素描
skip,C1,跳过
slam,C1,猛关
slap,C1,掌击
slash,C1,削减
slavery,C1,奴隶制
slot,C1,槽
smash,C1,粉碎
snap,C1,折断
soak,C1,浸泡
soar,C1,飙升
socialist,C1,社会主义者
sole,C1,唯一的
solely,C1,仅仅
solicitor,C1,律师
solidarity,C1,团结
solo,C1,独奏
sovereignty,C1,主权
spam,C1,垃圾邮件
span,C1,跨度
spark,C1,火花
specialized,C1,专业的
specification,C1,规格
specimen,C1,标本
spectacle,C1,景象
spectrum,C1,光谱
sphere,C1,球体
spin,C1,旋转
spine,C1,脊柱
spotlight,C1,聚光灯
spouse,C1,配偶
spy,C1,间谍
squad,C1,小队
squeeze,C1,挤压
stab,C1,刺
stability,C1,稳定性
stabilize,C1,稳定
stake,C1,利害关系
standing,C1,常设的
stark,C1,鲜明的
statistical,C1,统计的
steer,C1,引导
stem,C1,茎
stereotype,C1,刻板印象
stimulus,C1,刺激
stir,C1,搅拌
storage,C1,存储
straightforward,C1,简单的
strain,C1,压力
strand,C1,线
strategic,C1,战略的
striking,C1,显著的
strip,C1,剥夺
strive,C1,奋斗
structural,C1,结构的
stumble,C1,绊倒
stun,C1,使震惊
submission,C1,提交
subscriber,C1,订阅者
subscription,C1,订阅
subsidy,C1,补贴
substantial,C1,大量的
substantially,C1,大量地
substitute,C1,替代
substitution,C1,替换
subtle,C1,微妙的
suburban,C1,郊区的
succession,C1,继承
successive,C1,连续的
successor,C1,继任者
suck,C1,吸
sue,C1,起诉
suicide,C1,自杀
suite,C1,套房
summit,C1,峰会
superb,C1,极好的
superior,C1,优越的
supervise,C1,监督
supervision,C1,监督
supervisor,C1,主管
supplement,C1,补充
supportive,C1,支持的
supposedly,C1,据称
suppress,C1,压制
supreme,C1,最高的
surge,C1,激增
surgical,C1,外科的
surplus,C1,过剩
surrender,C1,投降
surveillance,C1,监视
suspension,C1,暂停
suspicion,C1,怀疑
suspicious,C1,可疑的
sustain,C1,维持
swing,C1,摇摆
sword,C1,剑
symbolic,C1,象征的
syndrome,C1,综合症
synthesis,C1,合成
systematic,C1,系统的
tactic,C1,策略
tactical,C1,战术的
taxpayer,C1,纳税人
tempt,C1,诱惑
tenant,C1,租户
tender,C1,温柔的
tenure,C1,任期
terminate,C1,终止
terrain,C1,地形
terrific,C1,极好的
testify,C1,作证
testimony,C1,证词
texture,C1,质地
thankfully,C1,幸运地
theatrical,C1,戏剧的
theology,C1,神学
theoretical,C1,理论的
thereafter,C1,此后
thereby,C1,因此
thoughtful,C1,体贴的
thought-provoking,C1,发人深省的
thread,C1,线程
threshold,C1,门槛
thrilled,C1,兴奋的
thrive,C1,茁壮成长
tide,C1,潮汐
tighten,C1,收紧
timber,C1,木材
timely,C1,及时的
tobacco,C1,烟草
tolerance,C1,容忍
tolerate,C1,忍受
toll,C1,通行费
torture,C1,酷刑
toss,C1,投掷
toxic,C1,有毒的
trademark,C1,商标
trail,C1,小径
trailer,C1,拖车
transaction,C1,交易
transcript,C1,成绩单
transformation,C1,转变
transit,C1,过境
transmission,C1,传输
transparency,C1,透明度
transparent,C1,透明的
trauma,C1,创伤
treaty,C1,条约
tremendous,C1,巨大的
tribal,C1,部落的
tribunal,C1,法庭
tribute,C1,致敬
trio,C1,三人组
triumph,C1,胜利
trophy,C1,奖杯
troubled,C1,困扰的
trustee,C1,受托人
tuition,C1,学费
turnout,C1,出席人数
turnover,C1,营业额
twist,C1,扭曲
undergraduate,C1,本科生
underlying,C1,根本的
undermine,C1,破坏
undoubtedly,C1,毫无疑问
unify,C1,统一
unprecedented,C1,史无前例的
unveil,C1,揭开
upcoming,C1,即将到来的
upgrade,C1,升级
uphold,C1,维护
utility,C1,效用
utilize,C1,利用
utterly,C1,完全地
vacuum,C1,真空
vague,C1,模糊的
validity,C1,有效性
vanish,C1,消失
variable,C1,变量
varied,C1,各种各样的
vein,C1,静脉
venture,C1,冒险
verbal,C1,口头的
verdict,C1,裁决
verify,C1,验证
verse,C1,诗句
versus,C1,对
vessel,C1,船只
veteran,C1,老兵
viable,C1,可行的
vibrant,C1,充满活力的
vice,C1,副
vicious,C1,恶性的
villager,C1,村民
violate,C1,违反
violation,C1,违反
virtue,C1,美德
vocal,C1,声音的
vow,C1,发誓
vulnerability,C1,脆弱性
vulnerable,C1,脆弱的
ward,C1,病房
warehouse,C1,仓库
warfare,C1,战争
warrant,C1,逮捕令
warrior,C1,战士
weaken,C1,削弱
weave,C1,编织
weed,C1,杂草
well-being,C1,幸福
whatsoever,C1,任何
whereby,C1,借此
whilst,C1,当...时
whip,C1,鞭子
wholly,C1,完全
widen,C1,拓宽
widow,C1,寡妇
width,C1,宽度
willingness,C1,意愿
wipe,C1,擦
wit,C1,智慧
withdrawal,C1,撤回
workout,C1,锻炼
worship,C1,崇拜
worthwhile,C1,值得的
worthy,C1,值得的
yell,C1,叫喊
yield,C1,屈服
youngster,C1,青少年
